Transaction_ID,Product_ID,Price,Quantity
1,PROD_C,68.69,90
2,PROD_B,143.59,45
3,PROD_A,115.16,43
4,PROD_A,97.83,49
5,PROD_A,40.28,225
6,PROD_C,40.28,210
7,PROD_C,27.55,368
8,PROD_B,132.6,36
9,PROD_A,98.14,70
10,PROD_B,112.05,36
11,PROD_B,22.68,497
12,PROD_A,146.09,25
13,PROD_B,128.22,37
14,PROD_C,47.6,133
15,PROD_B,43.64,163
16,PROD_A,43.84,165
17,PROD_C,59.55,126
18,PROD_C,88.22,69
19,PROD_B,76.15,62
20,PROD_B,57.86,115
21,PROD_C,99.54,45
22,PROD_B,38.13,176
23,PROD_A,57.98,110
24,PROD_B,67.63,86
25,PROD_B,79.29,102
26,PROD_C,122.07,40
27,PROD_B,45.96,131
28,PROD_B,86.85,57
29,PROD_B,97.01,61
30,PROD_A,26.04,515
31,PROD_B,98.98,40
32,PROD_A,42.17,138
33,PROD_A,28.46,436
34,PROD_A,143.36,31
35,PROD_A,145.53,25
36,PROD_C,125.09,39
37,PROD_A,59.6,73
38,PROD_B,32.7,268
39,PROD_A,108.95,46
40,PROD_B,77.22,85
41,PROD_A,35.86,200
42,PROD_C,84.37,65
43,PROD_A,24.47,360
44,PROD_A,138.21,32
45,PROD_C,53.64,111
46,PROD_A,106.13,43
47,PROD_B,60.52,91
48,PROD_A,87.61,67
49,PROD_A,91.07,65
50,PROD_A,44.03,165
51,PROD_C,146.05,28
52,PROD_A,120.77,30
53,PROD_A,142.13,28
54,PROD_B,136.33,31
55,PROD_A,97.73,77
56,PROD_A,139.84,26
57,PROD_A,31.5,352
58,PROD_A,45.48,189
59,PROD_B,25.88,396
60,PROD_B,62.29,132
61,PROD_C,70.53,89
62,PROD_A,55.28,129
63,PROD_C,127.74,34
64,PROD_C,66.38,111
65,PROD_A,56.52,139
66,PROD_B,90.55,53
67,PROD_B,38.32,173
68,PROD_A,124.29,35
69,PROD_A,29.69,274
70,PROD_B,148.3,27
71,PROD_A,120.39,46
72,PROD_A,45.83,150
73,PROD_A,20.72,527
74,PROD_B,126.01,36
75,PROD_C,111.89,48
76,PROD_C,114.77,29
77,PROD_A,120.27,35
78,PROD_B,29.63,320
79,PROD_A,66.6,110
80,PROD_B,35.06,224
81,PROD_A,132.2,25
82,PROD_B,101.03,54
83,PROD_B,63.02,91
84,PROD_C,28.26,278
85,PROD_A,60.43,97
86,PROD_C,62.27,99
87,PROD_C,114.85,37
88,PROD_B,102.88,34
89,PROD_A,135.34,36
90,PROD_B,81.39,82
91,PROD_B,35.55,260
92,PROD_B,112.72,35
93,PROD_A,118.9,37
94,PROD_A,92.97,56
95,PROD_B,120.23,41
96,PROD_A,84.19,72
97,PROD_B,87.96,54
98,PROD_A,75.58,77
99,PROD_A,23.3,476
100,PROD_C,34.03,313
101,PROD_B,24.09,470
102,PROD_C,102.73,54
103,PROD_C,60.87,107
104,PROD_B,86.11,77
105,PROD_B,137.98,33
106,PROD_A,52.41,116
107,PROD_B,73.35,98
108,PROD_C,118.22,43
109,PROD_C,49.74,133
110,PROD_B,30.01,283
111,PROD_C,57.67,119
112,PROD_A,40.96,204
113,PROD_C,140.86,31
114,PROD_A,125.06,37
115,PROD_C,102.34,62
116,PROD_A,133.29,38
117,PROD_A,124.48,37
118,PROD_B,44.25,196
119,PROD_A,136.03,27
120,PROD_B,90.11,62
121,PROD_C,124.97,47
122,PROD_C,136.49,30
123,PROD_C,61.34,92
124,PROD_A,34.31,226
125,PROD_C,49.63,121
126,PROD_C,75.52,68
127,PROD_B,126.34,33
128,PROD_B,131.89,27
129,PROD_C,20.9,524
130,PROD_C,86.4,71
131,PROD_A,74.26,68
132,PROD_A,48.87,184
133,PROD_C,35.58,254
134,PROD_B,63.89,114
135,PROD_C,142.58,27
136,PROD_A,62.02,116
137,PROD_B,87.44,52
138,PROD_B,111.39,49
139,PROD_A,67.27,93
140,PROD_C,146.33,31
141,PROD_C,145.12,24
142,PROD_C,52.73,114
143,PROD_A,84.64,70
144,PROD_B,59.11,95
145,PROD_A,57.03,124
146,PROD_C,24.8,330
147,PROD_A,99.24,57
148,PROD_B,85.35,53
149,PROD_A,26.69,394
150,PROD_C,56.22,130
151,PROD_B,138.07,28
152,PROD_A,51.14,149
153,PROD_A,38.84,215
154,PROD_B,83.63,60
155,PROD_B,148.13,24
156,PROD_C,51.47,101
157,PROD_B,107.38,47
158,PROD_C,119.01,30
159,PROD_A,50.89,140
160,PROD_C,114.67,39
161,PROD_A,67.81,99
162,PROD_B,102.2,46
163,PROD_A,102.36,46
164,PROD_B,89.65,66
165,PROD_A,31.74,294
166,PROD_A,128.59,36
167,PROD_A,61.7,111
168,PROD_A,44.25,135
169,PROD_C,25.3,440
170,PROD_A,96.82,58
171,PROD_C,108.08,38
172,PROD_B,22.16,462
173,PROD_B,86.57,62
174,PROD_C,49.44,141
175,PROD_B,103.87,50
176,PROD_B,42.67,222
177,PROD_A,109.82,51
178,PROD_A,70.28,70
179,PROD_A,141.77,33
180,PROD_C,37.88,262
181,PROD_C,64.34,103
182,PROD_B,34.75,287
183,PROD_A,140.21,41
184,PROD_C,134.05,38
185,PROD_C,53.53,133
186,PROD_A,105.8,54
187,PROD_C,126.24,36
188,PROD_A,92.18,57
189,PROD_B,88.85,57
190,PROD_B,51.44,171
191,PROD_B,32.1,243
192,PROD_A,136.64,39
193,PROD_C,137.05,34
194,PROD_B,102.3,39
195,PROD_B,64.07,103
196,PROD_B,65.4,69
197,PROD_C,114.37,45
198,PROD_C,136.62,36
199,PROD_A,135.32,29
200,PROD_B,121.38,38
201,PROD_C,103.46,64
202,PROD_A,30.94,269
203,PROD_B,41.01,162
204,PROD_C,136.81,39
205,PROD_C,98.84,68
206,PROD_A,21.2,513
207,PROD_B,33.19,304
208,PROD_B,106.26,56
209,PROD_C,20.66,476
210,PROD_B,40.91,178
211,PROD_A,91.34,69
212,PROD_C,109.95,56
213,PROD_C,104.75,51
214,PROD_A,49.16,127
215,PROD_C,112.58,56
216,PROD_B,50.84,127
217,PROD_B,62.3,97
218,PROD_C,117.04,42
219,PROD_A,104.45,59
220,PROD_A,130.4,38
221,PROD_B,105.49,49
222,PROD_A,93.88,59
223,PROD_C,32.18,276
224,PROD_C,67.8,97
225,PROD_B,54.48,85
226,PROD_B,51.72,129
227,PROD_B,146.49,29
228,PROD_A,71.1,70
229,PROD_C,135.97,33
230,PROD_C,102.05,47
231,PROD_C,123.33,48
232,PROD_B,85.34,80
233,PROD_C,95.0,50
234,PROD_A,84.03,63
235,PROD_A,45.38,162
236,PROD_C,113.92,38
237,PROD_B,56.5,121
238,PROD_C,23.16,400
239,PROD_A,103.91,40
240,PROD_A,43.02,195
241,PROD_A,142.26,32
242,PROD_C,144.01,26
243,PROD_A,138.93,35
244,PROD_B,68.12,81
245,PROD_C,22.01,503
246,PROD_C,140.68,34
247,PROD_A,75.66,76
248,PROD_A,145.67,30
249,PROD_B,145.27,26
250,PROD_C,130.89,32
251,PROD_A,58.28,109
252,PROD_B,70.06,76
253,PROD_A,130.65,33
254,PROD_C,61.2,83
255,PROD_A,42.03,170
256,PROD_C,92.38,54
257,PROD_A,141.7,29
258,PROD_C,110.48,42
259,PROD_B,94.11,54
260,PROD_C,32.63,288
261,PROD_B,99.95,57
262,PROD_C,148.71,25
263,PROD_B,38.21,177
264,PROD_A,87.38,52
265,PROD_C,134.06,30
266,PROD_A,116.3,38
267,PROD_B,110.61,38
268,PROD_C,111.32,35
269,PROD_C,66.73,86
270,PROD_A,58.17,116
271,PROD_C,125.22,39
272,PROD_C,125.31,33
273,PROD_A,132.72,31
274,PROD_C,138.72,27
275,PROD_A,86.47,62
276,PROD_A,85.2,56
277,PROD_A,123.78,40
278,PROD_A,104.5,36
279,PROD_A,111.26,40
280,PROD_B,123.45,38
281,PROD_B,135.7,33
282,PROD_A,63.94,146
283,PROD_B,68.83,92
284,PROD_B,32.22,235
285,PROD_C,95.18,53
286,PROD_A,24.67,313
287,PROD_B,80.53,68
288,PROD_C,90.54,51
289,PROD_C,57.25,132
290,PROD_A,96.81,48
291,PROD_A,23.97,419
292,PROD_C,24.86,367
293,PROD_A,126.94,45
294,PROD_A,66.82,87
295,PROD_C,36.52,298
296,PROD_C,87.89,69
297,PROD_A,120.1,41
298,PROD_B,48.06,159
299,PROD_A,100.98,52
300,PROD_B,31.1,216
301,PROD_C,26.72,347
302,PROD_B,89.08,68
303,PROD_C,90.28,58
304,PROD_A,102.87,39
305,PROD_A,114.39,41
306,PROD_C,146.86,36
307,PROD_C,87.12,74
308,PROD_C,61.98,102
309,PROD_A,123.37,42
310,PROD_A,55.21,115
311,PROD_B,77.07,57
312,PROD_C,30.2,262
313,PROD_B,23.3,562
314,PROD_A,145.14,27
315,PROD_B,128.68,33
316,PROD_B,110.48,41
317,PROD_A,73.16,106
318,PROD_A,42.53,230
319,PROD_C,40.34,272
320,PROD_B,52.53,128
321,PROD_A,91.4,60
322,PROD_A,112.9,33
323,PROD_B,105.83,57
324,PROD_A,56.39,99
325,PROD_C,144.13,30
326,PROD_C,115.93,34
327,PROD_B,92.07,52
328,PROD_C,99.52,44
329,PROD_A,74.55,71
330,PROD_A,52.21,122
331,PROD_A,66.28,85
332,PROD_A,118.52,44
333,PROD_B,21.87,414
334,PROD_C,35.09,249
335,PROD_C,25.98,453
336,PROD_A,25.29,364
337,PROD_B,131.21,30
338,PROD_A,111.48,41
339,PROD_A,81.64,81
340,PROD_B,32.72,275
341,PROD_B,83.91,60
342,PROD_A,81.55,73
343,PROD_C,42.52,153
344,PROD_A,76.4,83
345,PROD_C,71.81,87
346,PROD_C,100.06,48
347,PROD_B,102.56,42
348,PROD_B,25.89,332
349,PROD_A,68.7,95
350,PROD_C,101.36,59
351,PROD_C,85.41,58
352,PROD_A,131.34,36
353,PROD_A,105.63,34
354,PROD_A,41.18,173
355,PROD_B,29.17,316
356,PROD_A,103.51,41
357,PROD_A,23.45,383
358,PROD_C,96.15,48
359,PROD_A,142.23,31
360,PROD_C,94.81,53
361,PROD_C,70.46,60
362,PROD_B,103.63,34
363,PROD_A,79.57,64
364,PROD_A,90.93,62
365,PROD_C,142.39,19
366,PROD_B,70.19,79
367,PROD_B,144.95,26
368,PROD_A,137.7,38
369,PROD_C,45.45,154
370,PROD_A,29.02,339
371,PROD_A,33.1,268
372,PROD_A,22.37,343
373,PROD_A,32.28,306
374,PROD_C,108.79,46
375,PROD_B,29.25,341
376,PROD_A,61.47,187
377,PROD_A,129.83,25
378,PROD_A,23.03,586
379,PROD_A,125.88,34
380,PROD_B,56.64,122
381,PROD_B,35.36,236
382,PROD_B,110.58,40
383,PROD_B,101.76,45
384,PROD_A,134.07,34
385,PROD_C,115.56,32
386,PROD_B,124.45,40
387,PROD_B,56.66,110
388,PROD_A,43.07,149
389,PROD_A,117.58,37
390,PROD_A,124.89,43
391,PROD_A,148.77,25
392,PROD_C,73.64,83
393,PROD_C,68.36,79
394,PROD_B,120.93,42
395,PROD_C,64.3,107
396,PROD_B,141.0,39
397,PROD_B,131.59,32
398,PROD_C,75.77,84
399,PROD_B,117.61,40
400,PROD_A,118.09,47
401,PROD_B,33.41,232
402,PROD_A,137.33,35
403,PROD_C,85.68,61
404,PROD_C,127.44,34
405,PROD_B,61.61,105
406,PROD_A,136.42,33
407,PROD_B,70.6,83
408,PROD_C,21.41,521
409,PROD_B,137.7,39
410,PROD_B,31.87,322
411,PROD_A,61.51,118
412,PROD_C,143.51,27
413,PROD_B,143.58,25
414,PROD_A,94.55,63
415,PROD_B,102.14,55
416,PROD_A,78.3,90
417,PROD_A,58.12,103
418,PROD_B,62.73,97
419,PROD_C,107.43,35
420,PROD_C,117.81,37
421,PROD_A,122.91,43
422,PROD_C,122.65,34
423,PROD_A,31.86,306
424,PROD_C,84.27,63
425,PROD_B,27.48,364
426,PROD_C,91.44,48
427,PROD_A,77.4,74
428,PROD_A,135.4,20
429,PROD_C,65.62,91
430,PROD_B,35.22,187
431,PROD_A,38.59,250
432,PROD_A,119.0,43
433,PROD_A,100.37,53
434,PROD_A,33.15,329
435,PROD_A,30.93,252
436,PROD_B,111.13,55
437,PROD_C,29.46,360
438,PROD_B,126.84,34
439,PROD_B,111.81,50
440,PROD_A,30.58,251
441,PROD_B,31.03,256
442,PROD_A,148.26,25
443,PROD_B,68.66,81
444,PROD_A,68.18,76
445,PROD_A,125.66,43
446,PROD_B,143.14,28
447,PROD_B,148.18,29
448,PROD_C,117.94,36
449,PROD_C,68.91,67
450,PROD_C,30.86,304
451,PROD_B,121.03,28
452,PROD_B,92.59,56
453,PROD_A,75.15,63
454,PROD_C,137.83,42
455,PROD_A,34.46,283
456,PROD_A,84.04,66
457,PROD_A,21.48,607
458,PROD_A,80.93,60
459,PROD_C,27.32,380
460,PROD_A,35.45,244
461,PROD_B,35.28,248
462,PROD_B,104.4,57
463,PROD_B,116.99,44
464,PROD_C,95.84,56
465,PROD_A,145.08,22
466,PROD_C,68.73,76
467,PROD_A,57.14,114
468,PROD_C,132.92,33
469,PROD_C,49.07,123
470,PROD_A,145.22,41
471,PROD_C,21.58,626
472,PROD_A,146.08,31
473,PROD_B,25.61,390
474,PROD_B,135.85,31
475,PROD_B,88.6,52
476,PROD_C,149.09,28
477,PROD_B,29.59,323
478,PROD_A,92.0,47
479,PROD_B,146.01,30
480,PROD_B,88.0,59
481,PROD_C,101.82,37
482,PROD_A,110.45,38
483,PROD_C,79.09,67
484,PROD_C,101.58,65
485,PROD_A,95.96,58
486,PROD_C,137.15,25
487,PROD_A,25.91,408
488,PROD_B,56.53,93
489,PROD_A,143.55,34
490,PROD_A,135.73,29
491,PROD_A,79.24,70
492,PROD_C,100.62,60
493,PROD_A,56.06,98
494,PROD_A,44.46,137
495,PROD_A,80.28,64
496,PROD_B,65.94,109
497,PROD_A,95.88,42
498,PROD_C,30.11,198
499,PROD_A,146.67,26
500,PROD_A,148.21,30
501,PROD_B,110.76,51
502,PROD_A,89.69,55
503,PROD_C,60.24,101
504,PROD_A,125.79,42
505,PROD_C,109.02,33
506,PROD_B,41.14,179
507,PROD_A,138.42,32
508,PROD_B,126.93,37
509,PROD_A,143.47,27
510,PROD_C,114.34,41
511,PROD_B,99.74,35
512,PROD_A,74.37,71
513,PROD_C,141.25,32
514,PROD_B,132.59,28
515,PROD_A,25.88,383
516,PROD_B,23.43,472
517,PROD_A,68.94,83
518,PROD_C,125.37,37
519,PROD_C,148.35,24
520,PROD_B,39.55,195
521,PROD_B,97.24,57
522,PROD_A,69.52,88
523,PROD_C,146.09,26
524,PROD_A,129.48,35
525,PROD_C,128.98,38
526,PROD_B,80.93,50
527,PROD_A,73.93,94
528,PROD_A,55.54,115
529,PROD_C,27.33,373
530,PROD_C,132.41,39
531,PROD_C,125.68,29
532,PROD_B,149.96,24
533,PROD_A,149.56,26
534,PROD_C,92.21,50
535,PROD_B,119.97,49
536,PROD_C,142.82,26
537,PROD_A,130.45,31
538,PROD_C,52.16,137
539,PROD_A,78.57,60
540,PROD_B,36.79,211
541,PROD_B,144.03,30
542,PROD_C,98.8,48
543,PROD_A,49.72,141
544,PROD_A,107.32,42
545,PROD_A,100.36,40
546,PROD_C,66.56,97
547,PROD_A,34.76,317
548,PROD_A,107.3,45
549,PROD_A,87.64,63
550,PROD_A,120.4,42
551,PROD_C,87.62,50
552,PROD_C,130.78,43
553,PROD_A,91.75,59
554,PROD_A,92.92,71
555,PROD_B,133.96,29
556,PROD_B,72.45,106
557,PROD_A,37.42,245
558,PROD_A,23.74,470
559,PROD_B,118.17,40
560,PROD_B,100.64,48
561,PROD_A,111.53,51
562,PROD_C,47.69,155
563,PROD_C,37.73,161
564,PROD_A,21.89,413
565,PROD_A,65.58,92
566,PROD_B,96.69,55
567,PROD_B,70.99,83
568,PROD_C,76.87,89
569,PROD_A,137.54,23
570,PROD_B,65.27,97
571,PROD_C,86.82,47
572,PROD_C,121.87,42
573,PROD_C,71.55,81
574,PROD_B,100.87,53
575,PROD_B,132.11,29
576,PROD_A,143.44,35
577,PROD_A,39.12,239
578,PROD_C,140.46,33
579,PROD_C,83.98,64
580,PROD_B,53.57,139
581,PROD_B,79.69,63
582,PROD_A,147.4,32
583,PROD_A,84.04,83
584,PROD_A,62.74,118
585,PROD_B,102.34,43
586,PROD_C,51.22,144
587,PROD_A,29.86,252
588,PROD_A,36.75,245
589,PROD_B,36.65,241
590,PROD_A,39.75,151
591,PROD_C,38.05,179
592,PROD_B,103.31,46
593,PROD_A,43.64,166
594,PROD_A,64.94,80
595,PROD_B,136.58,33
596,PROD_B,81.62,70
597,PROD_A,106.78,44
598,PROD_C,42.4,162
599,PROD_B,45.0,194
600,PROD_C,25.31,503
601,PROD_A,41.96,171
602,PROD_C,56.22,108
603,PROD_A,43.01,191
604,PROD_A,31.53,268
605,PROD_A,35.68,230
606,PROD_A,79.9,78
607,PROD_C,46.82,117
608,PROD_A,67.36,110
609,PROD_A,85.44,64
610,PROD_C,109.75,41
611,PROD_B,25.11,392
612,PROD_C,123.92,36
613,PROD_C,101.63,38
614,PROD_C,30.63,369
615,PROD_A,133.57,33
616,PROD_A,139.71,32
617,PROD_A,27.94,390
618,PROD_B,55.99,102
619,PROD_A,124.81,38
620,PROD_B,117.27,38
621,PROD_A,43.99,195
622,PROD_C,47.22,112
623,PROD_A,68.16,88
624,PROD_B,82.99,60
625,PROD_B,100.37,53
626,PROD_A,67.96,96
627,PROD_C,80.13,63
628,PROD_A,117.17,35
629,PROD_A,24.77,399
630,PROD_A,52.82,114
631,PROD_C,112.74,47
632,PROD_B,136.38,30
633,PROD_C,86.52,40
634,PROD_B,89.17,56
635,PROD_B,33.93,216
636,PROD_B,78.16,57
637,PROD_C,89.24,49
638,PROD_A,51.52,137
639,PROD_A,55.0,150
640,PROD_A,69.05,91
641,PROD_A,22.61,425
642,PROD_A,61.87,110
643,PROD_C,47.49,143
644,PROD_C,62.57,91
645,PROD_C,35.57,198
646,PROD_C,135.77,24
647,PROD_C,97.17,49
648,PROD_C,108.28,45
649,PROD_C,122.59,36
650,PROD_A,84.8,60
651,PROD_B,31.3,248
652,PROD_C,89.82,64
653,PROD_B,96.29,43
654,PROD_C,116.91,44
655,PROD_C,76.12,65
656,PROD_A,36.59,202
657,PROD_B,56.89,94
658,PROD_A,67.2,84
659,PROD_A,103.97,55
660,PROD_B,94.2,59
661,PROD_A,66.29,107
662,PROD_C,148.25,30
663,PROD_C,98.75,43
664,PROD_C,50.84,131
665,PROD_C,33.23,232
666,PROD_C,39.87,242
667,PROD_A,51.97,112
668,PROD_A,40.89,219
669,PROD_C,44.25,194
670,PROD_C,57.06,153
671,PROD_A,42.54,169
672,PROD_B,136.58,35
673,PROD_A,30.43,419
674,PROD_A,88.19,55
675,PROD_A,73.35,63
676,PROD_A,147.71,21
677,PROD_A,34.57,274
678,PROD_B,71.72,62
679,PROD_C,146.03,27
680,PROD_C,132.52,35
681,PROD_B,126.22,36
682,PROD_C,53.53,136
683,PROD_C,42.22,188
684,PROD_C,106.92,55
685,PROD_B,140.82,26
686,PROD_B,92.38,51
687,PROD_C,94.31,49
688,PROD_C,56.4,134
689,PROD_C,120.03,44
690,PROD_A,44.32,181
691,PROD_A,62.08,122
692,PROD_A,75.31,64
693,PROD_B,85.99,81
694,PROD_C,51.51,170
695,PROD_B,34.93,270
696,PROD_B,99.38,66
697,PROD_B,57.52,89
698,PROD_C,95.56,49
699,PROD_A,40.07,177
700,PROD_C,82.55,74
701,PROD_C,89.24,51
702,PROD_B,26.74,405
703,PROD_B,63.76,121
704,PROD_B,37.47,242
705,PROD_A,28.24,348
706,PROD_A,148.69,24
707,PROD_A,61.91,90
708,PROD_C,125.28,43
709,PROD_B,53.1,145
710,PROD_C,108.6,44
711,PROD_A,118.83,36
712,PROD_B,97.43,38
713,PROD_A,81.3,58
714,PROD_B,73.54,106
715,PROD_B,65.35,78
716,PROD_C,140.84,31
717,PROD_C,127.98,40
718,PROD_A,145.45,24
719,PROD_C,36.16,236
720,PROD_C,115.01,47
721,PROD_C,141.98,30
722,PROD_B,43.56,267
723,PROD_C,28.64,254
724,PROD_A,116.35,47
725,PROD_B,94.68,53
726,PROD_B,129.44,38
727,PROD_C,38.17,227
728,PROD_B,123.38,33
729,PROD_A,46.21,165
730,PROD_A,41.28,143
731,PROD_B,41.35,206
732,PROD_C,125.89,37
733,PROD_C,106.48,50
734,PROD_B,88.0,71
735,PROD_A,66.65,97
736,PROD_B,134.04,33
737,PROD_C,71.02,73
738,PROD_C,126.16,32
739,PROD_B,77.09,88
740,PROD_A,69.0,108
741,PROD_B,80.15,67
742,PROD_A,59.18,111
743,PROD_A,117.19,34
744,PROD_B,85.35,76
745,PROD_B,50.19,155
746,PROD_A,136.94,42
747,PROD_A,69.91,75
748,PROD_A,90.66,55
749,PROD_A,137.84,32
750,PROD_C,101.15,54
751,PROD_B,35.2,232
752,PROD_A,142.18,26
753,PROD_B,101.6,56
754,PROD_A,63.54,110
755,PROD_B,38.11,185
756,PROD_B,123.22,45
757,PROD_A,100.61,59
758,PROD_A,89.35,60
759,PROD_B,136.21,32
760,PROD_B,122.52,40
761,PROD_B,39.72,176
762,PROD_C,60.52,107
763,PROD_A,52.3,96
764,PROD_C,116.71,45
765,PROD_C,24.36,329
766,PROD_A,94.09,69
767,PROD_A,119.12,37
768,PROD_C,133.98,31
769,PROD_A,64.47,88
770,PROD_B,126.76,34
771,PROD_B,34.38,307
772,PROD_C,130.04,23
773,PROD_C,36.57,274
774,PROD_A,71.65,87
775,PROD_A,123.65,30
776,PROD_C,39.49,171
777,PROD_C,49.8,183
778,PROD_B,113.89,36
779,PROD_B,113.6,35
780,PROD_A,103.35,56
781,PROD_B,110.21,45
782,PROD_A,90.55,50
783,PROD_A,52.73,135
784,PROD_A,64.94,82
785,PROD_B,43.61,205
786,PROD_C,138.1,36
787,PROD_C,95.84,58
788,PROD_B,72.11,86
789,PROD_C,80.06,91
790,PROD_A,143.15,29
791,PROD_C,39.94,166
792,PROD_B,96.21,57
793,PROD_C,85.77,86
794,PROD_A,99.49,43
795,PROD_A,22.35,448
796,PROD_B,133.38,35
797,PROD_B,141.18,30
798,PROD_B,93.47,48
799,PROD_A,110.56,51
800,PROD_C,139.92,43
801,PROD_C,111.94,43
802,PROD_B,39.83,174
803,PROD_C,94.92,43
804,PROD_C,98.87,53
805,PROD_B,75.14,91
806,PROD_B,115.74,43
807,PROD_A,141.47,30
808,PROD_A,140.32,28
809,PROD_A,78.61,61
810,PROD_A,34.72,277
811,PROD_C,148.03,32
812,PROD_C,129.06,27
813,PROD_A,36.21,291
814,PROD_A,139.71,33
815,PROD_B,133.09,40
816,PROD_C,87.45,50
817,PROD_C,96.87,43
818,PROD_A,71.87,80
819,PROD_C,27.12,382
820,PROD_B,63.58,129
821,PROD_B,124.37,40
822,PROD_C,20.6,516
823,PROD_A,63.35,85
824,PROD_C,71.76,99
825,PROD_B,89.86,51
826,PROD_A,139.58,39
827,PROD_C,65.02,91
828,PROD_A,65.1,121
829,PROD_A,115.88,44
830,PROD_B,78.79,70
831,PROD_A,49.2,134
832,PROD_C,78.82,68
833,PROD_A,38.31,225
834,PROD_A,42.93,180
835,PROD_C,84.79,59
836,PROD_B,74.46,76
837,PROD_B,138.93,31
838,PROD_C,67.11,66
839,PROD_C,95.48,57
840,PROD_B,102.19,42
841,PROD_A,21.7,416
842,PROD_C,106.26,35
843,PROD_A,43.14,135
844,PROD_C,144.94,23
845,PROD_B,39.33,182
846,PROD_A,73.9,105
847,PROD_A,31.1,266
848,PROD_C,149.59,28
849,PROD_A,85.29,67
850,PROD_C,97.4,53
851,PROD_B,28.72,321
852,PROD_A,117.49,33
853,PROD_C,47.29,191
854,PROD_A,136.75,41
855,PROD_C,46.67,122
856,PROD_C,44.79,143
857,PROD_C,24.75,389
858,PROD_B,81.37,59
859,PROD_A,93.43,60
860,PROD_B,28.54,294
861,PROD_C,120.82,52
862,PROD_C,78.93,85
863,PROD_B,88.17,62
864,PROD_B,77.3,86
865,PROD_A,72.1,96
866,PROD_C,92.75,51
867,PROD_B,40.18,174
868,PROD_C,43.65,175
869,PROD_C,132.03,38
870,PROD_A,143.0,30
871,PROD_A,68.53,70
872,PROD_A,55.2,108
873,PROD_B,103.72,47
874,PROD_C,73.14,79
875,PROD_B,23.3,598
876,PROD_B,40.3,159
877,PROD_A,113.08,45
878,PROD_C,105.66,58
879,PROD_C,23.52,616
880,PROD_A,48.86,138
881,PROD_C,50.04,152
882,PROD_A,107.35,49
883,PROD_B,22.56,480
884,PROD_B,33.53,254
885,PROD_A,123.99,39
886,PROD_B,43.21,120
887,PROD_B,104.86,52
888,PROD_A,50.96,140
889,PROD_B,32.93,256
890,PROD_C,51.61,183
891,PROD_B,113.89,37
892,PROD_A,131.24,31
893,PROD_C,127.93,47
894,PROD_C,71.63,73
895,PROD_B,106.85,42
896,PROD_C,46.65,154
897,PROD_A,58.11,128
898,PROD_C,136.52,32
899,PROD_B,21.69,408
900,PROD_B,31.12,266
901,PROD_C,47.03,142
902,PROD_A,23.45,435
903,PROD_A,43.59,185
904,PROD_B,95.8,57
905,PROD_B,74.79,59
906,PROD_A,136.05,37
907,PROD_C,126.27,37
908,PROD_C,64.44,119
909,PROD_C,53.73,136
910,PROD_C,69.36,102
911,PROD_A,96.74,56
912,PROD_B,54.85,151
913,PROD_B,101.14,53
914,PROD_C,73.22,79
915,PROD_A,91.77,80
916,PROD_A,76.7,85
917,PROD_C,58.28,122
918,PROD_C,143.3,24
919,PROD_C,119.27,32
920,PROD_B,38.21,221
921,PROD_C,132.9,33
922,PROD_B,83.37,60
923,PROD_A,136.29,32
924,PROD_A,123.98,46
925,PROD_B,75.28,85
926,PROD_B,22.92,384
927,PROD_B,54.93,121
928,PROD_B,90.41,52
929,PROD_C,102.35,46
930,PROD_A,53.53,120
931,PROD_C,38.12,198
932,PROD_B,128.54,28
933,PROD_C,147.97,27
934,PROD_C,88.34,55
935,PROD_A,42.32,117
936,PROD_C,55.4,165
937,PROD_A,22.39,556
938,PROD_B,138.86,29
939,PROD_C,35.31,239
940,PROD_B,94.95,45
941,PROD_A,55.63,155
942,PROD_B,92.04,75
943,PROD_B,104.68,48
944,PROD_A,127.87,40
945,PROD_B,46.83,160
946,PROD_B,21.43,412
947,PROD_B,37.8,202
948,PROD_C,137.0,32
949,PROD_B,133.61,30
950,PROD_A,97.66,50
951,PROD_C,98.07,51
952,PROD_C,106.45,45
953,PROD_A,42.8,180
954,PROD_B,138.87,26
955,PROD_C,74.44,70
956,PROD_C,69.81,71
957,PROD_C,87.46,71
958,PROD_B,26.11,273
959,PROD_C,41.62,221
960,PROD_A,115.94,49
961,PROD_B,30.76,280
962,PROD_A,98.41,35
963,PROD_A,51.9,127
964,PROD_C,70.61,83
965,PROD_C,57.53,98
966,PROD_C,66.24,86
967,PROD_A,113.48,52
968,PROD_B,58.63,123
969,PROD_C,93.63,48
970,PROD_C,81.89,53
971,PROD_A,106.28,43
972,PROD_B,141.79,29
973,PROD_A,115.23,44
974,PROD_C,47.94,139
975,PROD_A,24.05,458
976,PROD_C,54.09,168
977,PROD_B,97.36,59
978,PROD_A,26.69,360
979,PROD_C,84.53,63
980,PROD_C,97.59,49
981,PROD_C,63.45,118
982,PROD_C,120.22,35
983,PROD_A,33.86,256
984,PROD_C,29.77,310
985,PROD_A,114.66,38
986,PROD_C,84.41,52
987,PROD_A,109.49,46
988,PROD_A,76.53,74
989,PROD_C,52.03,144
990,PROD_C,126.48,32
991,PROD_C,123.92,44
992,PROD_C,110.31,38
993,PROD_B,55.38,157
994,PROD_C,96.73,40
995,PROD_C,66.93,97
996,PROD_C,31.91,298
997,PROD_A,139.25,27
998,PROD_C,37.79,229
999,PROD_A,143.53,35
1000,PROD_A,77.98,52
1001,PROD_A,44.07,184
1002,PROD_A,90.45,40
1003,PROD_B,133.48,28
1004,PROD_C,115.19,52
1005,PROD_A,124.85,33
1006,PROD_C,105.64,39
1007,PROD_A,110.0,42
1008,PROD_B,130.4,46
1009,PROD_A,52.46,100
1010,PROD_C,83.63,56
1011,PROD_C,48.76,184
1012,PROD_B,148.4,37
1013,PROD_C,142.73,29
1014,PROD_C,25.13,330
1015,PROD_A,111.72,58
1016,PROD_C,140.28,38
1017,PROD_A,43.47,193
1018,PROD_B,93.83,49
1019,PROD_C,139.01,30
1020,PROD_A,24.41,405
1021,PROD_C,110.66,45
1022,PROD_A,58.66,138
1023,PROD_B,140.17,34
1024,PROD_A,146.24,24
1025,PROD_C,142.75,36
1026,PROD_A,81.65,71
1027,PROD_C,132.07,37
1028,PROD_B,129.79,42
1029,PROD_A,61.48,88
1030,PROD_C,127.76,34
1031,PROD_C,24.81,374
1032,PROD_C,97.52,41
1033,PROD_A,49.9,149
1034,PROD_A,35.67,342
1035,PROD_A,30.0,231
1036,PROD_B,110.52,43
1037,PROD_C,64.18,107
1038,PROD_C,114.22,42
1039,PROD_B,28.5,323
1040,PROD_B,60.99,86
1041,PROD_A,90.13,61
1042,PROD_A,122.79,33
1043,PROD_A,61.44,75
1044,PROD_A,101.37,59
1045,PROD_A,135.18,37
1046,PROD_A,100.06,50
1047,PROD_B,50.28,145
1048,PROD_B,23.17,527
1049,PROD_B,133.11,34
1050,PROD_C,22.77,527
1051,PROD_C,133.71,31
1052,PROD_A,88.76,73
1053,PROD_B,142.08,31
1054,PROD_C,123.84,37
1055,PROD_C,149.73,23
1056,PROD_B,65.59,98
1057,PROD_C,119.73,34
1058,PROD_C,72.25,74
1059,PROD_B,82.38,59
1060,PROD_C,101.58,42
1061,PROD_B,133.58,45
1062,PROD_C,147.93,34
1063,PROD_B,119.88,51
1064,PROD_C,74.31,65
1065,PROD_C,74.78,78
1066,PROD_B,115.89,33
1067,PROD_C,51.04,124
1068,PROD_B,34.36,216
1069,PROD_B,66.1,112
1070,PROD_C,57.34,109
1071,PROD_A,58.52,131
1072,PROD_C,50.37,153
1073,PROD_A,25.47,549
1074,PROD_A,22.32,380
1075,PROD_C,148.4,33
1076,PROD_A,75.61,90
1077,PROD_B,69.96,74
1078,PROD_B,108.35,52
1079,PROD_A,48.37,156
1080,PROD_B,143.49,28
1081,PROD_C,122.22,33
1082,PROD_B,31.62,252
1083,PROD_A,74.29,106
1084,PROD_C,134.29,32
1085,PROD_B,142.82,33
1086,PROD_C,80.76,61
1087,PROD_A,99.74,45
1088,PROD_B,41.71,218
1089,PROD_C,148.85,22
1090,PROD_C,50.12,132
1091,PROD_B,142.56,30
1092,PROD_C,104.45,48
1093,PROD_C,99.01,49
1094,PROD_A,86.65,66
1095,PROD_A,49.99,157
1096,PROD_A,42.95,198
1097,PROD_A,48.66,127
1098,PROD_A,44.24,163
1099,PROD_A,121.35,45
1100,PROD_B,65.52,108
1101,PROD_A,27.52,282
1102,PROD_C,145.98,30
1103,PROD_B,134.89,24
1104,PROD_C,140.61,30
1105,PROD_A,149.34,36
1106,PROD_A,42.61,156
1107,PROD_C,71.51,73
1108,PROD_C,118.57,43
1109,PROD_C,110.48,34
1110,PROD_B,40.01,180
1111,PROD_A,126.06,39
1112,PROD_C,49.18,132
1113,PROD_A,49.1,140
1114,PROD_C,89.81,66
1115,PROD_A,97.08,56
1116,PROD_B,95.41,56
1117,PROD_A,31.89,264
1118,PROD_C,134.07,34
1119,PROD_A,54.53,122
1120,PROD_B,36.84,240
1121,PROD_B,135.54,29
1122,PROD_A,144.23,28
1123,PROD_C,132.08,28
1124,PROD_B,125.24,35
1125,PROD_B,105.18,41
1126,PROD_A,91.61,48
1127,PROD_B,31.31,297
1128,PROD_B,73.1,83
1129,PROD_C,68.45,99
1130,PROD_C,53.77,119
1131,PROD_C,114.04,44
1132,PROD_A,84.46,70
1133,PROD_B,30.54,317
1134,PROD_A,48.62,130
1135,PROD_B,108.82,45
1136,PROD_B,29.9,323
1137,PROD_B,130.66,34
1138,PROD_C,84.37,47
1139,PROD_A,82.48,68
1140,PROD_A,97.01,73
1141,PROD_B,127.21,33
1142,PROD_A,65.22,85
1143,PROD_C,108.14,47
1144,PROD_A,93.55,58
1145,PROD_B,54.71,148
1146,PROD_C,134.22,27
1147,PROD_C,123.67,41
1148,PROD_B,105.6,50
1149,PROD_A,130.58,33
1150,PROD_B,132.75,34
1151,PROD_A,112.09,49
1152,PROD_A,128.81,39
1153,PROD_C,110.67,36
1154,PROD_B,108.42,50
1155,PROD_C,100.42,49
1156,PROD_B,117.85,40
1157,PROD_B,40.62,195
1158,PROD_C,134.51,31
1159,PROD_B,133.34,39
1160,PROD_B,23.8,425
1161,PROD_A,127.36,29
1162,PROD_B,36.75,212
1163,PROD_B,63.57,101
1164,PROD_C,116.66,48
1165,PROD_C,40.9,209
1166,PROD_B,126.34,31
1167,PROD_A,128.18,50
1168,PROD_A,85.97,65
1169,PROD_C,20.83,637
1170,PROD_B,57.31,113
1171,PROD_B,100.2,54
1172,PROD_A,147.55,32
1173,PROD_A,102.14,58
1174,PROD_A,53.77,149
1175,PROD_C,102.42,55
1176,PROD_B,90.2,56
1177,PROD_C,121.38,34
1178,PROD_B,33.91,266
1179,PROD_C,118.93,44
1180,PROD_B,90.36,56
1181,PROD_A,145.19,34
1182,PROD_A,64.44,120
1183,PROD_A,102.24,42
1184,PROD_C,141.16,26
1185,PROD_A,33.33,254
1186,PROD_B,141.84,31
1187,PROD_C,109.43,40
1188,PROD_B,28.82,396
1189,PROD_C,59.13,117
1190,PROD_B,112.06,42
1191,PROD_B,28.76,261
1192,PROD_C,95.68,44
1193,PROD_C,64.96,100
1194,PROD_A,100.72,36
1195,PROD_A,25.95,440
1196,PROD_B,133.3,32
1197,PROD_B,146.55,46
1198,PROD_B,145.95,40
1199,PROD_C,117.45,38
1200,PROD_C,36.91,219
1201,PROD_A,118.57,45
1202,PROD_B,23.2,578
1203,PROD_A,22.88,357
1204,PROD_C,62.07,78
1205,PROD_C,83.52,60
1206,PROD_C,120.15,41
1207,PROD_A,108.83,47
1208,PROD_C,77.97,85
1209,PROD_B,55.57,101
1210,PROD_A,149.63,19
1211,PROD_C,75.4,87
1212,PROD_A,78.68,63
1213,PROD_A,41.27,139
1214,PROD_C,123.33,37
1215,PROD_C,110.18,49
1216,PROD_A,48.7,144
1217,PROD_A,30.71,274
1218,PROD_C,108.46,43
1219,PROD_B,105.09,44
1220,PROD_A,55.52,99
1221,PROD_A,143.61,26
1222,PROD_B,39.64,217
1223,PROD_C,76.2,79
1224,PROD_C,142.67,30
1225,PROD_B,74.56,67
1226,PROD_C,103.01,47
1227,PROD_C,71.69,59
1228,PROD_A,55.65,124
1229,PROD_A,147.92,34
1230,PROD_A,73.21,64
1231,PROD_B,136.23,29
1232,PROD_C,49.89,149
1233,PROD_C,47.7,183
1234,PROD_A,24.05,396
1235,PROD_A,104.72,42
1236,PROD_B,67.91,66
1237,PROD_C,132.37,33
1238,PROD_B,81.52,92
1239,PROD_C,145.87,30
1240,PROD_B,44.12,170
1241,PROD_A,132.92,34
1242,PROD_B,120.96,38
1243,PROD_B,120.22,34
1244,PROD_A,129.82,38
1245,PROD_C,118.93,40
1246,PROD_C,101.41,49
1247,PROD_A,37.06,191
1248,PROD_B,24.23,510
1249,PROD_B,139.71,33
1250,PROD_B,100.16,46
1251,PROD_C,123.55,42
1252,PROD_B,82.6,62
1253,PROD_C,35.25,212
1254,PROD_B,36.27,204
1255,PROD_A,109.12,34
1256,PROD_A,75.94,81
1257,PROD_C,46.07,122
1258,PROD_C,83.91,54
1259,PROD_A,28.35,243
1260,PROD_A,95.66,53
1261,PROD_B,54.97,120
1262,PROD_A,123.68,35
1263,PROD_C,60.35,91
1264,PROD_A,79.18,60
1265,PROD_C,21.51,537
1266,PROD_C,29.42,289
1267,PROD_B,71.02,88
1268,PROD_B,82.39,59
1269,PROD_B,98.0,53
1270,PROD_B,57.92,138
1271,PROD_A,110.35,47
1272,PROD_B,131.82,31
1273,PROD_A,121.38,39
1274,PROD_B,25.15,382
1275,PROD_B,82.47,67
1276,PROD_C,33.64,244
1277,PROD_A,51.47,132
1278,PROD_C,148.27,29
1279,PROD_B,38.52,180
1280,PROD_A,84.86,55
1281,PROD_B,100.36,40
1282,PROD_C,111.32,33
1283,PROD_A,92.75,47
1284,PROD_C,21.27,522
1285,PROD_B,62.44,89
1286,PROD_B,87.3,66
1287,PROD_B,31.42,285
1288,PROD_A,65.58,70
1289,PROD_C,24.32,460
1290,PROD_C,30.22,340
1291,PROD_B,71.6,71
1292,PROD_C,37.25,234
1293,PROD_A,93.78,48
1294,PROD_B,109.63,44
1295,PROD_B,124.08,30
1296,PROD_B,46.02,122
1297,PROD_A,41.77,175
1298,PROD_B,33.59,252
1299,PROD_B,102.74,45
1300,PROD_B,111.84,35
1301,PROD_B,24.11,398
1302,PROD_C,141.71,31
1303,PROD_B,26.76,359
1304,PROD_A,90.37,60
1305,PROD_B,112.18,38
1306,PROD_B,133.23,39
1307,PROD_C,112.83,35
1308,PROD_B,124.22,39
1309,PROD_C,64.13,116
1310,PROD_A,125.93,38
1311,PROD_C,30.41,289
1312,PROD_B,136.33,29
1313,PROD_A,91.19,67
1314,PROD_B,126.25,28
1315,PROD_C,78.8,62
1316,PROD_A,103.67,45
1317,PROD_A,88.43,72
1318,PROD_C,115.11,43
1319,PROD_C,30.61,255
1320,PROD_A,27.85,325
1321,PROD_A,52.12,121
1322,PROD_C,40.74,173
1323,PROD_B,133.33,38
1324,PROD_A,48.5,121
1325,PROD_C,146.86,36
1326,PROD_B,63.8,111
1327,PROD_A,43.68,204
1328,PROD_A,122.66,34
1329,PROD_C,105.63,45
1330,PROD_B,84.77,52
1331,PROD_A,92.2,52
1332,PROD_B,113.5,45
1333,PROD_B,49.7,173
1334,PROD_A,149.52,23
1335,PROD_B,146.72,27
1336,PROD_A,104.54,46
1337,PROD_B,45.94,130
1338,PROD_A,108.43,48
1339,PROD_C,29.39,282
1340,PROD_A,23.98,413
1341,PROD_A,53.5,119
1342,PROD_A,80.14,62
1343,PROD_B,132.88,33
1344,PROD_C,114.53,39
1345,PROD_B,116.55,38
1346,PROD_B,75.31,69
1347,PROD_A,64.97,100
1348,PROD_B,68.24,114
1349,PROD_A,148.39,28
1350,PROD_C,25.21,459
1351,PROD_B,132.71,27
1352,PROD_B,95.23,55
1353,PROD_B,77.02,63
1354,PROD_A,114.28,33
1355,PROD_A,83.27,59
1356,PROD_B,133.55,39
1357,PROD_B,137.09,36
1358,PROD_C,74.82,80
1359,PROD_C,55.99,95
1360,PROD_C,97.01,51
1361,PROD_C,138.61,32
1362,PROD_C,47.39,157
1363,PROD_A,100.99,37
1364,PROD_C,102.1,42
1365,PROD_C,115.3,40
1366,PROD_B,37.1,240
1367,PROD_A,113.06,30
1368,PROD_C,138.17,30
1369,PROD_C,43.36,179
1370,PROD_C,50.88,156
1371,PROD_B,146.28,31
1372,PROD_B,43.53,190
1373,PROD_B,131.07,30
1374,PROD_C,84.0,49
1375,PROD_B,52.14,125
1376,PROD_C,133.2,38
1377,PROD_A,77.89,90
1378,PROD_C,86.93,69
1379,PROD_B,66.7,98
1380,PROD_A,97.08,55
1381,PROD_C,41.26,174
1382,PROD_A,70.84,82
1383,PROD_A,146.02,36
1384,PROD_A,53.56,111
1385,PROD_C,105.38,59
1386,PROD_B,62.27,97
1387,PROD_C,120.55,46
1388,PROD_B,37.01,180
1389,PROD_C,146.08,31
1390,PROD_C,78.99,64
1391,PROD_C,50.69,112
1392,PROD_B,29.55,322
1393,PROD_C,42.07,213
1394,PROD_A,87.57,54
1395,PROD_C,63.81,78
1396,PROD_A,127.75,34
1397,PROD_B,76.02,74
1398,PROD_B,52.33,143
1399,PROD_C,100.23,57
1400,PROD_C,111.88,42
1401,PROD_C,41.72,245
1402,PROD_A,41.79,191
1403,PROD_B,24.77,385
1404,PROD_A,115.73,32
1405,PROD_A,106.29,44
1406,PROD_C,81.7,64
1407,PROD_C,129.74,39
1408,PROD_A,124.74,38
1409,PROD_A,96.1,44
1410,PROD_C,132.88,33
1411,PROD_C,46.76,173
1412,PROD_A,34.55,310
1413,PROD_C,55.07,140
1414,PROD_C,27.42,390
1415,PROD_A,89.05,60
1416,PROD_A,141.76,31
1417,PROD_B,25.11,479
1418,PROD_A,35.87,191
1419,PROD_C,78.79,68
1420,PROD_A,141.4,26
1421,PROD_A,61.1,111
1422,PROD_A,85.94,75
1423,PROD_B,25.4,357
1424,PROD_B,39.28,142
1425,PROD_C,148.26,26
1426,PROD_B,145.47,33
1427,PROD_A,20.64,578
1428,PROD_B,143.74,31
1429,PROD_A,103.09,46
1430,PROD_B,132.83,27
1431,PROD_B,79.12,77
1432,PROD_B,87.03,54
1433,PROD_A,83.55,91
1434,PROD_B,106.69,49
1435,PROD_A,38.15,194
1436,PROD_A,23.9,391
1437,PROD_C,60.03,106
1438,PROD_B,111.61,41
1439,PROD_C,46.24,188
1440,PROD_C,107.55,46
1441,PROD_A,146.09,25
1442,PROD_B,32.21,363
1443,PROD_A,107.44,45
1444,PROD_A,77.69,82
1445,PROD_B,132.86,30
1446,PROD_A,43.03,187
1447,PROD_B,110.04,45
1448,PROD_B,128.95,26
1449,PROD_A,142.8,40
1450,PROD_A,108.82,53
1451,PROD_C,84.63,61
1452,PROD_A,100.32,42
1453,PROD_B,132.96,34
1454,PROD_C,94.18,55
1455,PROD_B,23.95,450
1456,PROD_C,141.02,31
1457,PROD_A,109.64,47
1458,PROD_A,107.95,55
1459,PROD_A,48.04,164
1460,PROD_B,105.66,39
1461,PROD_C,71.2,102
1462,PROD_B,104.66,60
1463,PROD_C,33.86,407
1464,PROD_A,105.52,39
1465,PROD_B,149.92,28
1466,PROD_A,26.27,272
1467,PROD_B,147.03,30
1468,PROD_A,72.9,74
1469,PROD_B,133.2,43
1470,PROD_B,121.71,33
1471,PROD_C,93.71,43
1472,PROD_A,116.0,37
1473,PROD_C,134.21,24
1474,PROD_C,72.54,91
1475,PROD_A,62.51,74
1476,PROD_B,106.79,46
1477,PROD_C,125.02,26
1478,PROD_A,119.1,37
1479,PROD_B,123.72,46
1480,PROD_C,76.63,79
1481,PROD_C,126.32,31
1482,PROD_C,35.63,234
1483,PROD_B,90.78,58
1484,PROD_C,20.75,568
1485,PROD_B,62.2,83
1486,PROD_C,67.64,98
1487,PROD_A,71.5,55
1488,PROD_C,110.41,39
1489,PROD_A,70.51,78
1490,PROD_A,78.33,79
1491,PROD_A,50.88,138
1492,PROD_B,68.52,71
1493,PROD_A,49.55,124
1494,PROD_C,29.52,321
1495,PROD_B,98.45,51
1496,PROD_A,106.87,41
1497,PROD_B,100.53,46
1498,PROD_B,80.25,77
1499,PROD_B,69.37,80
1500,PROD_C,132.23,32
1501,PROD_A,87.48,85
1502,PROD_B,82.29,54
1503,PROD_B,23.33,336
1504,PROD_B,64.36,109
1505,PROD_A,69.43,78
1506,PROD_B,71.85,78
1507,PROD_B,95.42,48
1508,PROD_C,89.37,57
1509,PROD_A,99.03,64
1510,PROD_C,119.43,43
1511,PROD_A,125.69,40
1512,PROD_A,113.36,33
1513,PROD_A,144.22,24
1514,PROD_C,22.37,309
1515,PROD_C,45.45,145
1516,PROD_C,20.98,600
1517,PROD_C,104.17,51
1518,PROD_B,136.74,30
1519,PROD_B,51.65,134
1520,PROD_B,140.51,27
1521,PROD_A,27.83,351
1522,PROD_B,141.48,33
1523,PROD_A,65.71,74
1524,PROD_C,33.18,274
1525,PROD_A,83.16,76
1526,PROD_A,53.38,120
1527,PROD_B,57.03,129
1528,PROD_C,59.95,164
1529,PROD_C,124.39,35
1530,PROD_B,90.09,62
1531,PROD_C,60.47,95
1532,PROD_C,99.34,52
1533,PROD_C,113.1,45
1534,PROD_B,55.44,125
1535,PROD_C,73.76,68
1536,PROD_A,35.85,240
1537,PROD_A,43.55,217
1538,PROD_C,108.55,47
1539,PROD_B,43.59,201
1540,PROD_B,88.27,58
1541,PROD_B,112.18,47
1542,PROD_C,33.89,264
1543,PROD_C,93.75,48
1544,PROD_A,53.35,135
1545,PROD_B,145.18,25
1546,PROD_A,82.86,60
1547,PROD_A,124.78,37
1548,PROD_B,91.53,60
1549,PROD_C,25.64,322
1550,PROD_C,102.31,57
1551,PROD_A,143.68,32
1552,PROD_A,98.21,46
1553,PROD_A,126.49,28
1554,PROD_A,134.95,31
1555,PROD_B,49.65,134
1556,PROD_A,47.57,155
1557,PROD_A,99.43,48
1558,PROD_C,73.43,59
1559,PROD_C,129.18,32
1560,PROD_C,137.0,30
1561,PROD_B,65.94,103
1562,PROD_B,50.79,124
1563,PROD_C,121.47,48
1564,PROD_C,55.72,90
1565,PROD_A,126.94,43
1566,PROD_A,75.09,74
1567,PROD_B,106.78,52
1568,PROD_B,32.42,274
1569,PROD_A,101.1,58
1570,PROD_C,78.73,68
1571,PROD_A,96.26,45
1572,PROD_B,41.84,229
1573,PROD_B,115.79,39
1574,PROD_A,132.16,34
1575,PROD_A,48.18,180
1576,PROD_A,32.44,232
1577,PROD_B,23.07,493
1578,PROD_C,103.46,43
1579,PROD_A,98.92,50
1580,PROD_B,91.07,58
1581,PROD_B,50.15,112
1582,PROD_B,70.82,75
1583,PROD_A,97.28,64
1584,PROD_A,84.58,73
1585,PROD_C,148.41,27
1586,PROD_B,37.74,224
1587,PROD_A,110.37,41
1588,PROD_B,72.56,99
1589,PROD_B,75.67,74
1590,PROD_C,113.29,43
1591,PROD_A,110.02,51
1592,PROD_A,148.86,24
1593,PROD_B,36.69,284
1594,PROD_B,33.53,205
1595,PROD_C,114.16,52
1596,PROD_C,95.19,51
1597,PROD_C,55.64,116
1598,PROD_C,30.32,226
1599,PROD_C,31.14,269
1600,PROD_C,136.24,27
1601,PROD_B,44.94,151
1602,PROD_C,62.04,100
1603,PROD_B,49.47,166
1604,PROD_B,66.15,96
1605,PROD_A,29.03,335
1606,PROD_B,87.48,52
1607,PROD_B,28.79,284
1608,PROD_C,124.05,47
1609,PROD_B,50.38,125
1610,PROD_C,90.2,75
1611,PROD_C,134.41,31
1612,PROD_C,104.61,47
1613,PROD_A,89.28,70
1614,PROD_C,62.16,123
1615,PROD_B,63.29,98
1616,PROD_C,107.03,43
1617,PROD_C,149.24,27
1618,PROD_C,106.04,48
1619,PROD_A,92.51,64
1620,PROD_B,114.98,41
1621,PROD_A,80.48,76
1622,PROD_B,27.82,436
1623,PROD_A,93.1,59
1624,PROD_B,144.49,30
1625,PROD_A,42.79,142
1626,PROD_C,109.7,29
1627,PROD_A,46.12,169
1628,PROD_A,89.66,58
1629,PROD_C,32.57,249
1630,PROD_C,78.55,74
1631,PROD_B,118.3,39
1632,PROD_B,65.18,113
1633,PROD_B,106.44,46
1634,PROD_A,123.41,33
1635,PROD_B,140.53,35
1636,PROD_A,50.5,135
1637,PROD_A,71.91,89
1638,PROD_B,39.81,185
1639,PROD_B,149.02,25
1640,PROD_A,140.51,30
1641,PROD_C,90.19,58
1642,PROD_C,129.46,36
1643,PROD_A,87.72,58
1644,PROD_B,101.07,37
1645,PROD_A,31.59,264
1646,PROD_A,118.19,44
1647,PROD_B,36.6,216
1648,PROD_C,127.39,34
1649,PROD_A,121.66,43
1650,PROD_C,112.14,38
1651,PROD_C,24.7,323
1652,PROD_B,59.41,107
1653,PROD_A,54.2,117
1654,PROD_A,66.82,79
1655,PROD_C,31.39,277
1656,PROD_C,141.8,32
1657,PROD_B,91.99,57
1658,PROD_C,59.72,113
1659,PROD_B,71.61,108
1660,PROD_A,78.14,69
1661,PROD_B,98.08,54
1662,PROD_C,87.04,57
1663,PROD_A,139.52,27
1664,PROD_B,84.61,59
1665,PROD_A,148.98,26
1666,PROD_B,130.69,35
1667,PROD_C,47.11,220
1668,PROD_C,140.98,27
1669,PROD_A,35.13,226
1670,PROD_A,126.27,35
1671,PROD_A,69.48,92
1672,PROD_B,134.14,33
1673,PROD_C,132.85,40
1674,PROD_A,124.77,25
1675,PROD_A,122.7,26
1676,PROD_A,59.61,101
1677,PROD_B,30.52,350
1678,PROD_A,72.39,64
1679,PROD_A,42.56,115
1680,PROD_B,110.34,47
1681,PROD_B,64.99,99
1682,PROD_A,146.83,24
1683,PROD_A,103.33,41
1684,PROD_B,126.92,30
1685,PROD_C,37.23,224
1686,PROD_B,132.06,30
1687,PROD_C,139.96,33
1688,PROD_A,83.32,43
1689,PROD_A,98.81,45
1690,PROD_C,119.43,32
1691,PROD_B,42.73,172
1692,PROD_A,85.33,59
1693,PROD_C,71.83,93
1694,PROD_B,39.03,155
1695,PROD_C,67.78,90
1696,PROD_B,28.86,351
1697,PROD_B,23.36,585
1698,PROD_B,37.57,202
1699,PROD_B,145.2,30
1700,PROD_C,91.44,44
1701,PROD_C,145.56,20
1702,PROD_C,76.22,85
1703,PROD_C,60.54,106
1704,PROD_C,85.8,75
1705,PROD_B,77.14,60
1706,PROD_A,33.74,276
1707,PROD_A,103.31,63
1708,PROD_C,48.08,160
1709,PROD_C,100.55,52
1710,PROD_A,104.53,47
1711,PROD_B,39.76,158
1712,PROD_C,27.98,414
1713,PROD_B,121.5,34
1714,PROD_A,79.77,76
1715,PROD_A,27.56,273
1716,PROD_C,149.33,23
1717,PROD_B,27.51,430
1718,PROD_C,110.35,41
1719,PROD_A,147.88,35
1720,PROD_B,51.09,135
1721,PROD_C,38.49,159
1722,PROD_C,35.78,267
1723,PROD_C,59.43,100
1724,PROD_A,33.14,291
1725,PROD_C,109.98,44
1726,PROD_B,28.1,266
1727,PROD_C,86.22,64
1728,PROD_A,149.57,38
1729,PROD_C,125.82,38
1730,PROD_A,99.98,50
1731,PROD_A,59.81,127
1732,PROD_B,101.11,51
1733,PROD_B,88.52,62
1734,PROD_C,75.39,65
1735,PROD_A,36.99,230
1736,PROD_A,135.26,37
1737,PROD_B,78.47,63
1738,PROD_B,45.3,203
1739,PROD_C,67.81,88
1740,PROD_A,73.84,69
1741,PROD_B,127.58,40
1742,PROD_C,115.37,39
1743,PROD_A,120.01,43
1744,PROD_A,21.43,482
1745,PROD_B,74.1,78
1746,PROD_C,82.57,72
1747,PROD_B,22.49,490
1748,PROD_C,53.78,94
1749,PROD_A,118.84,33
1750,PROD_C,37.82,247
1751,PROD_C,89.59,58
1752,PROD_C,47.98,139
1753,PROD_C,21.58,407
1754,PROD_C,51.36,116
1755,PROD_B,146.86,21
1756,PROD_C,124.2,36
1757,PROD_C,144.74,26
1758,PROD_A,83.42,57
1759,PROD_C,34.27,247
1760,PROD_A,91.23,61
1761,PROD_B,79.07,97
1762,PROD_B,129.77,27
1763,PROD_C,32.75,317
1764,PROD_B,83.47,76
1765,PROD_C,39.51,179
1766,PROD_B,62.21,105
1767,PROD_C,115.86,37
1768,PROD_C,81.88,69
1769,PROD_A,68.87,110
1770,PROD_A,71.28,91
1771,PROD_A,79.73,76
1772,PROD_A,122.05,35
1773,PROD_C,135.97,25
1774,PROD_B,144.19,28
1775,PROD_C,122.3,44
1776,PROD_A,61.0,83
1777,PROD_A,109.46,37
1778,PROD_B,76.89,76
1779,PROD_A,53.11,111
1780,PROD_C,129.31,30
1781,PROD_C,25.0,375
1782,PROD_C,137.23,25
1783,PROD_C,79.99,60
1784,PROD_C,102.84,53
1785,PROD_B,105.72,38
1786,PROD_C,136.37,25
1787,PROD_A,102.77,44
1788,PROD_A,99.81,56
1789,PROD_A,28.66,316
1790,PROD_A,87.39,57
1791,PROD_B,39.52,203
1792,PROD_A,115.87,31
1793,PROD_B,86.59,67
1794,PROD_A,108.43,47
1795,PROD_B,25.42,367
1796,PROD_B,31.02,336
1797,PROD_B,113.12,35
1798,PROD_A,29.37,372
1799,PROD_B,29.26,323
1800,PROD_C,21.57,474
1801,PROD_C,144.35,29
1802,PROD_A,115.88,39
1803,PROD_C,65.92,112
1804,PROD_C,58.55,95
1805,PROD_C,65.46,84
1806,PROD_A,120.7,44
1807,PROD_A,105.98,42
1808,PROD_C,44.08,196
1809,PROD_A,42.63,232
1810,PROD_B,32.79,251
1811,PROD_C,105.84,51
1812,PROD_A,119.37,32
1813,PROD_A,54.46,139
1814,PROD_C,22.72,476
1815,PROD_A,30.68,316
1816,PROD_C,145.82,26
1817,PROD_A,58.41,87
1818,PROD_B,120.0,41
1819,PROD_C,101.21,36
1820,PROD_B,69.65,82
1821,PROD_C,46.74,180
1822,PROD_A,35.78,240
1823,PROD_B,99.95,67
1824,PROD_A,120.7,44
1825,PROD_C,103.71,43
1826,PROD_C,88.94,60
1827,PROD_C,25.45,387
1828,PROD_C,145.9,22
1829,PROD_C,123.83,32
1830,PROD_B,58.07,104
1831,PROD_C,147.4,21
1832,PROD_A,98.24,52
1833,PROD_B,95.71,51
1834,PROD_A,117.25,31
1835,PROD_C,125.53,38
1836,PROD_A,105.34,51
1837,PROD_B,36.65,233
1838,PROD_B,63.97,93
1839,PROD_B,140.65,33
1840,PROD_A,49.2,160
1841,PROD_B,68.38,93
1842,PROD_A,76.17,66
1843,PROD_C,77.12,77
1844,PROD_C,99.68,60
1845,PROD_A,142.6,27
1846,PROD_B,51.29,186
1847,PROD_A,35.8,216
1848,PROD_A,45.67,163
1849,PROD_A,135.3,29
1850,PROD_C,103.96,49
1851,PROD_A,57.17,89
1852,PROD_C,126.07,33
1853,PROD_A,131.98,28
1854,PROD_C,130.05,34
1855,PROD_A,139.46,35
1856,PROD_A,52.79,144
1857,PROD_B,118.16,27
1858,PROD_B,79.87,95
1859,PROD_A,129.46,35
1860,PROD_A,114.7,36
1861,PROD_A,120.94,38
1862,PROD_A,105.3,48
1863,PROD_B,43.07,160
1864,PROD_C,90.85,59
1865,PROD_A,148.01,25
1866,PROD_B,141.86,28
1867,PROD_A,25.61,348
1868,PROD_A,41.43,151
1869,PROD_C,37.12,226
1870,PROD_A,114.38,45
1871,PROD_A,126.31,38
1872,PROD_C,47.76,171
1873,PROD_C,85.76,66
1874,PROD_C,129.29,31
1875,PROD_C,115.26,46
1876,PROD_B,90.49,47
1877,PROD_B,96.75,46
1878,PROD_B,86.09,54
1879,PROD_A,58.68,131
1880,PROD_C,93.45,64
1881,PROD_C,109.56,47
1882,PROD_B,133.53,38
1883,PROD_A,102.72,42
1884,PROD_A,118.95,41
1885,PROD_A,40.81,188
1886,PROD_B,80.0,79
1887,PROD_A,21.21,503
1888,PROD_A,52.07,126
1889,PROD_A,114.44,44
1890,PROD_C,148.94,31
1891,PROD_B,32.89,240
1892,PROD_C,72.19,81
1893,PROD_C,124.01,31
1894,PROD_B,46.52,108
1895,PROD_C,92.16,58
1896,PROD_A,115.3,44
1897,PROD_A,100.08,52
1898,PROD_A,44.44,126
1899,PROD_A,66.2,88
1900,PROD_B,121.89,27
1901,PROD_C,92.05,70
1902,PROD_C,20.68,452
1903,PROD_A,118.93,47
1904,PROD_A,24.59,473
1905,PROD_C,116.95,35
1906,PROD_B,46.32,134
1907,PROD_C,144.55,30
1908,PROD_A,67.83,79
1909,PROD_A,62.5,103
1910,PROD_B,39.36,188
1911,PROD_C,59.73,83
1912,PROD_B,133.96,23
1913,PROD_B,149.52,28
1914,PROD_A,67.88,82
1915,PROD_C,78.32,66
1916,PROD_A,113.87,46
1917,PROD_C,135.21,38
1918,PROD_A,97.1,50
1919,PROD_A,70.9,80
1920,PROD_C,73.64,85
1921,PROD_C,110.43,35
1922,PROD_A,20.42,560
1923,PROD_C,100.55,54
1924,PROD_A,66.21,103
1925,PROD_C,123.25,27
1926,PROD_A,32.09,245
1927,PROD_A,96.47,46
1928,PROD_A,82.53,68
1929,PROD_B,103.5,51
1930,PROD_C,28.43,413
1931,PROD_A,95.4,50
1932,PROD_B,92.99,52
1933,PROD_A,92.89,66
1934,PROD_B,98.45,54
1935,PROD_A,107.94,54
1936,PROD_A,124.65,38
1937,PROD_B,55.08,103
1938,PROD_B,127.26,29
1939,PROD_C,84.77,51
1940,PROD_C,30.02,336
1941,PROD_B,27.61,412
1942,PROD_C,63.45,131
1943,PROD_B,122.04,42
1944,PROD_C,112.0,50
1945,PROD_A,122.52,34
1946,PROD_C,87.24,52
1947,PROD_A,77.23,84
1948,PROD_A,39.17,217
1949,PROD_C,62.67,102
1950,PROD_B,76.42,79
1951,PROD_A,31.52,297
1952,PROD_A,48.68,178
1953,PROD_C,97.77,63
1954,PROD_B,115.64,44
1955,PROD_B,149.79,31
1956,PROD_C,141.3,32
1957,PROD_B,103.53,44
1958,PROD_C,74.76,87
1959,PROD_C,102.7,39
1960,PROD_C,122.13,43
1961,PROD_A,35.38,199
1962,PROD_A,73.29,83
1963,PROD_A,129.17,30
1964,PROD_C,69.9,93
1965,PROD_A,94.34,54
1966,PROD_A,96.41,42
1967,PROD_A,43.98,183
1968,PROD_C,67.09,83
1969,PROD_C,63.49,113
1970,PROD_C,23.41,442
1971,PROD_A,23.14,476
1972,PROD_B,128.12,30
1973,PROD_A,55.5,111
1974,PROD_A,87.35,57
1975,PROD_C,58.83,126
1976,PROD_C,142.29,38
1977,PROD_A,53.71,113
1978,PROD_A,75.86,89
1979,PROD_B,133.45,23
1980,PROD_B,129.45,28
1981,PROD_C,44.19,147
1982,PROD_B,124.34,29
1983,PROD_B,79.56,56
1984,PROD_C,82.79,71
1985,PROD_B,37.35,212
1986,PROD_A,30.48,315
1987,PROD_B,114.63,45
1988,PROD_C,84.54,67
1989,PROD_A,76.79,82
1990,PROD_B,114.84,40
1991,PROD_A,119.52,32
1992,PROD_A,40.66,226
1993,PROD_B,99.33,46
1994,PROD_B,37.6,188
1995,PROD_C,117.68,38
1996,PROD_C,105.4,40
1997,PROD_A,144.36,27
1998,PROD_C,28.96,338
1999,PROD_A,27.42,367
2000,PROD_A,56.68,102
2001,PROD_C,54.02,117
2002,PROD_C,52.11,156
2003,PROD_C,137.81,33
2004,PROD_B,52.44,180
2005,PROD_A,55.35,145
2006,PROD_A,118.72,46
2007,PROD_A,78.47,58
2008,PROD_C,120.97,42
2009,PROD_C,28.5,326
2010,PROD_C,83.38,60
2011,PROD_C,24.37,426
2012,PROD_C,28.14,386
2013,PROD_B,137.84,33
2014,PROD_C,38.1,186
2015,PROD_A,89.21,66
2016,PROD_C,73.44,72
2017,PROD_A,65.15,98
2018,PROD_C,136.98,30
2019,PROD_C,22.84,443
2020,PROD_A,106.29,51
2021,PROD_A,145.24,24
2022,PROD_A,92.82,75
2023,PROD_A,141.79,23
2024,PROD_B,26.79,330
2025,PROD_A,74.44,82
2026,PROD_C,53.82,138
2027,PROD_C,115.01,40
2028,PROD_B,147.57,28
2029,PROD_A,53.35,136
2030,PROD_C,105.04,45
2031,PROD_B,45.75,199
2032,PROD_C,93.49,63
2033,PROD_B,80.31,79
2034,PROD_B,146.36,24
2035,PROD_A,99.11,50
2036,PROD_B,65.44,90
2037,PROD_C,34.83,209
2038,PROD_C,39.66,211
2039,PROD_A,49.29,133
2040,PROD_A,52.63,145
2041,PROD_B,130.58,29
2042,PROD_A,92.96,72
2043,PROD_C,88.04,53
2044,PROD_C,34.92,250
2045,PROD_A,131.82,37
2046,PROD_A,113.97,38
2047,PROD_A,28.8,368
2048,PROD_B,112.02,35
2049,PROD_B,90.66,72
2050,PROD_C,30.62,296
2051,PROD_B,79.58,64
2052,PROD_B,83.01,63
2053,PROD_B,41.55,211
2054,PROD_B,142.94,27
2055,PROD_C,130.5,30
2056,PROD_A,106.97,44
2057,PROD_C,80.1,58
2058,PROD_B,73.53,104
2059,PROD_A,104.63,43
2060,PROD_A,90.91,65
2061,PROD_A,28.1,346
2062,PROD_C,86.63,54
2063,PROD_A,124.83,36
2064,PROD_C,79.7,79
2065,PROD_C,26.75,351
2066,PROD_B,122.22,44
2067,PROD_B,46.18,186
2068,PROD_A,53.62,146
2069,PROD_A,41.41,175
2070,PROD_B,62.93,85
2071,PROD_C,118.38,35
2072,PROD_C,87.52,63
2073,PROD_B,46.63,170
2074,PROD_C,134.12,23
2075,PROD_B,134.35,32
2076,PROD_B,133.18,33
2077,PROD_A,51.04,132
2078,PROD_A,78.66,87
2079,PROD_B,148.05,30
2080,PROD_A,120.36,46
2081,PROD_B,23.53,424
2082,PROD_C,28.48,379
2083,PROD_C,80.31,89
2084,PROD_C,138.2,37
2085,PROD_C,90.03,50
2086,PROD_B,84.72,62
2087,PROD_C,33.71,243
2088,PROD_C,105.38,50
2089,PROD_C,126.87,39
2090,PROD_C,69.45,76
2091,PROD_B,120.83,38
2092,PROD_C,145.38,21
2093,PROD_A,46.49,196
2094,PROD_A,88.03,56
2095,PROD_A,57.33,116
2096,PROD_A,123.07,35
2097,PROD_A,95.09,64
2098,PROD_A,102.5,31
2099,PROD_B,123.73,36
2100,PROD_A,71.48,81
2101,PROD_C,138.96,29
2102,PROD_A,89.29,77
2103,PROD_B,40.53,170
2104,PROD_A,110.47,48
2105,PROD_C,123.12,39
2106,PROD_C,61.18,126
2107,PROD_B,131.43,30
2108,PROD_B,137.8,28
2109,PROD_B,56.0,141
2110,PROD_B,147.86,30
2111,PROD_A,38.29,167
2112,PROD_A,46.26,147
2113,PROD_C,43.95,182
2114,PROD_B,136.22,36
2115,PROD_B,105.06,42
2116,PROD_A,39.77,129
2117,PROD_B,77.24,80
2118,PROD_C,99.99,42
2119,PROD_C,30.85,216
2120,PROD_B,134.71,21
2121,PROD_C,124.47,41
2122,PROD_C,85.68,64
2123,PROD_A,145.73,27
2124,PROD_C,74.31,96
2125,PROD_B,147.93,31
2126,PROD_B,106.83,58
2127,PROD_C,102.51,39
2128,PROD_B,41.57,186
2129,PROD_A,134.65,25
2130,PROD_C,75.57,74
2131,PROD_C,41.09,183
2132,PROD_C,21.64,546
2133,PROD_B,92.77,56
2134,PROD_B,88.56,66
2135,PROD_C,113.52,46
2136,PROD_B,135.73,44
2137,PROD_B,30.32,286
2138,PROD_C,115.09,35
2139,PROD_C,44.36,176
2140,PROD_B,131.56,29
2141,PROD_C,126.48,44
2142,PROD_C,90.3,56
2143,PROD_C,112.33,39
2144,PROD_C,60.87,98
2145,PROD_B,81.25,76
2146,PROD_C,126.81,34
2147,PROD_A,79.7,64
2148,PROD_C,66.51,118
2149,PROD_A,84.25,57
2150,PROD_C,127.67,35
2151,PROD_A,63.58,109
2152,PROD_A,42.59,141
2153,PROD_C,112.56,45
2154,PROD_C,127.38,30
2155,PROD_C,33.08,297
2156,PROD_A,51.18,118
2157,PROD_B,38.46,233
2158,PROD_B,65.23,112
2159,PROD_C,78.55,82
2160,PROD_B,117.35,41
2161,PROD_B,104.65,45
2162,PROD_C,100.72,45
2163,PROD_A,65.81,117
2164,PROD_C,129.39,31
2165,PROD_B,81.27,58
2166,PROD_A,147.28,31
2167,PROD_B,102.44,43
2168,PROD_A,36.41,197
2169,PROD_B,107.9,36
2170,PROD_C,62.26,95
2171,PROD_B,109.22,43
2172,PROD_B,29.05,331
2173,PROD_A,42.73,206
2174,PROD_B,131.25,36
2175,PROD_C,49.53,139
2176,PROD_C,128.82,33
2177,PROD_C,56.31,128
2178,PROD_A,103.57,57
2179,PROD_A,110.24,44
2180,PROD_B,86.65,58
2181,PROD_B,59.69,93
2182,PROD_B,47.64,122
2183,PROD_A,24.31,461
2184,PROD_A,59.51,119
2185,PROD_B,104.91,51
2186,PROD_A,141.98,29
2187,PROD_A,133.26,40
2188,PROD_C,119.59,36
2189,PROD_C,122.5,43
2190,PROD_B,106.45,45
2191,PROD_B,53.84,116
2192,PROD_C,137.94,34
2193,PROD_A,107.2,48
2194,PROD_B,92.86,59
2195,PROD_B,34.43,251
2196,PROD_B,78.12,72
2197,PROD_A,79.85,100
2198,PROD_C,132.39,39
2199,PROD_B,91.06,64
2200,PROD_C,69.45,88
2201,PROD_C,146.98,33
2202,PROD_A,34.39,268
2203,PROD_A,74.93,77
2204,PROD_A,25.46,372
2205,PROD_A,116.19,39
2206,PROD_A,139.35,19
2207,PROD_A,56.4,122
2208,PROD_B,131.58,31
2209,PROD_C,57.99,144
2210,PROD_A,138.4,31
2211,PROD_B,118.02,33
2212,PROD_C,124.64,36
2213,PROD_A,22.34,405
2214,PROD_A,145.17,31
2215,PROD_B,114.47,43
2216,PROD_C,59.62,125
2217,PROD_A,127.82,31
2218,PROD_C,56.6,118
2219,PROD_B,133.46,26
2220,PROD_A,34.64,273
2221,PROD_C,111.48,46
2222,PROD_B,90.29,63
2223,PROD_B,32.55,269
2224,PROD_A,51.45,144
2225,PROD_C,21.61,633
2226,PROD_A,80.94,66
2227,PROD_A,59.16,112
2228,PROD_C,97.79,44
2229,PROD_C,58.64,98
2230,PROD_C,58.99,112
2231,PROD_B,116.62,47
2232,PROD_B,26.26,358
2233,PROD_C,137.38,30
2234,PROD_B,130.79,31
2235,PROD_A,106.81,42
2236,PROD_C,97.12,55
2237,PROD_A,136.0,25
2238,PROD_C,44.09,207
2239,PROD_A,30.27,272
2240,PROD_C,51.14,152
2241,PROD_A,123.3,30
2242,PROD_C,24.51,456
2243,PROD_C,95.76,59
2244,PROD_B,149.41,29
2245,PROD_A,131.24,29
2246,PROD_B,87.79,63
2247,PROD_A,28.27,279
2248,PROD_B,128.08,33
2249,PROD_C,97.87,60
2250,PROD_B,34.94,273
2251,PROD_B,32.2,274
2252,PROD_C,138.25,27
2253,PROD_B,107.0,50
2254,PROD_C,127.81,35
2255,PROD_A,134.27,23
2256,PROD_B,94.33,61
2257,PROD_C,87.27,61
2258,PROD_C,75.96,90
2259,PROD_B,61.2,89
2260,PROD_A,76.5,46
2261,PROD_B,120.6,39
2262,PROD_C,98.25,54
2263,PROD_A,136.03,24
2264,PROD_B,77.64,63
2265,PROD_C,98.92,77
2266,PROD_B,102.07,46
2267,PROD_A,96.92,58
2268,PROD_A,111.34,39
2269,PROD_A,50.87,101
2270,PROD_A,86.61,60
2271,PROD_A,33.55,247
2272,PROD_B,69.99,80
2273,PROD_A,83.4,65
2274,PROD_A,104.79,48
2275,PROD_C,143.57,28
2276,PROD_A,98.08,43
2277,PROD_C,116.67,43
2278,PROD_C,85.81,47
2279,PROD_C,102.43,35
2280,PROD_B,29.22,354
2281,PROD_B,53.07,140
2282,PROD_C,67.04,90
2283,PROD_B,81.42,55
2284,PROD_A,25.93,340
2285,PROD_B,38.2,204
2286,PROD_A,55.99,94
2287,PROD_A,146.3,25
2288,PROD_B,63.08,110
2289,PROD_B,82.67,82
2290,PROD_C,45.49,153
2291,PROD_B,99.4,57
2292,PROD_B,56.49,88
2293,PROD_B,46.91,172
2294,PROD_A,87.15,54
2295,PROD_A,20.72,555
2296,PROD_A,21.0,501
2297,PROD_C,48.48,181
2298,PROD_C,24.77,356
2299,PROD_C,34.04,277
2300,PROD_A,64.05,94
2301,PROD_B,124.34,35
2302,PROD_C,94.37,53
2303,PROD_C,86.65,55
2304,PROD_A,58.15,113
2305,PROD_C,141.13,30
2306,PROD_B,71.61,86
2307,PROD_A,31.32,289
2308,PROD_A,100.22,56
2309,PROD_B,34.8,280
2310,PROD_B,64.88,82
2311,PROD_B,85.96,71
2312,PROD_C,133.65,27
2313,PROD_B,84.16,71
2314,PROD_A,111.29,47
2315,PROD_B,149.07,21
2316,PROD_A,37.09,224
2317,PROD_A,55.72,112
2318,PROD_C,71.29,74
2319,PROD_B,74.84,95
2320,PROD_C,73.43,72
2321,PROD_B,137.99,27
2322,PROD_B,112.82,42
2323,PROD_B,99.03,56
2324,PROD_B,60.22,105
2325,PROD_B,127.09,42
2326,PROD_A,144.16,31
2327,PROD_A,126.76,25
2328,PROD_B,20.2,509
2329,PROD_A,102.73,44
2330,PROD_C,26.65,391
2331,PROD_C,53.49,86
2332,PROD_C,27.74,502
2333,PROD_B,98.49,55
2334,PROD_B,109.26,45
2335,PROD_A,34.88,290
2336,PROD_A,69.9,122
2337,PROD_A,79.31,81
2338,PROD_C,67.98,103
2339,PROD_C,35.73,239
2340,PROD_C,74.46,76
2341,PROD_C,117.65,36
2342,PROD_A,29.23,280
2343,PROD_B,30.42,269
2344,PROD_B,66.12,76
2345,PROD_C,142.42,29
2346,PROD_B,106.91,35
2347,PROD_B,108.23,46
2348,PROD_B,67.05,91
2349,PROD_C,97.18,53
2350,PROD_A,21.32,470
2351,PROD_A,102.69,76
2352,PROD_B,138.73,38
2353,PROD_A,99.63,42
2354,PROD_A,133.58,34
2355,PROD_C,114.12,37
2356,PROD_C,35.67,202
2357,PROD_B,137.32,25
2358,PROD_B,28.64,348
2359,PROD_B,89.42,53
2360,PROD_C,38.48,242
2361,PROD_A,21.52,581
2362,PROD_C,74.86,95
2363,PROD_C,58.36,99
2364,PROD_A,83.18,71
2365,PROD_A,95.04,59
2366,PROD_B,25.69,358
2367,PROD_A,35.99,206
2368,PROD_A,92.62,71
2369,PROD_A,64.61,100
2370,PROD_A,114.79,45
2371,PROD_B,104.8,41
2372,PROD_B,129.93,28
2373,PROD_A,110.02,40
2374,PROD_A,75.89,74
2375,PROD_B,107.49,38
2376,PROD_B,55.8,120
2377,PROD_A,59.82,84
2378,PROD_C,122.57,31
2379,PROD_B,78.03,80
2380,PROD_B,123.79,40
2381,PROD_B,126.91,33
2382,PROD_A,131.48,28
2383,PROD_A,139.16,26
2384,PROD_B,76.03,71
2385,PROD_A,61.45,114
2386,PROD_A,95.69,61
2387,PROD_B,68.25,82
2388,PROD_A,98.14,43
2389,PROD_C,111.73,44
2390,PROD_A,109.49,39
2391,PROD_A,68.69,81
2392,PROD_B,41.69,227
2393,PROD_B,75.97,85
2394,PROD_C,38.54,214
2395,PROD_A,135.71,26
2396,PROD_C,64.96,99
2397,PROD_C,40.08,231
2398,PROD_B,23.31,420
2399,PROD_A,103.96,58
2400,PROD_B,102.8,58
2401,PROD_C,64.28,125
2402,PROD_C,29.32,330
2403,PROD_B,73.25,87
2404,PROD_B,60.46,131
2405,PROD_B,108.03,48
2406,PROD_B,98.75,47
2407,PROD_B,67.4,84
2408,PROD_C,48.33,154
2409,PROD_B,148.44,23
2410,PROD_A,79.02,70
2411,PROD_C,109.48,51
2412,PROD_C,38.27,152
2413,PROD_A,83.13,83
2414,PROD_A,23.58,517
2415,PROD_C,85.71,59
2416,PROD_B,145.32,31
2417,PROD_C,69.95,86
2418,PROD_C,25.07,479
2419,PROD_A,24.02,492
2420,PROD_C,70.44,69
2421,PROD_B,40.8,210
2422,PROD_A,23.04,439
2423,PROD_C,118.31,39
2424,PROD_C,79.61,63
2425,PROD_B,57.6,149
2426,PROD_C,137.01,36
2427,PROD_C,35.1,215
2428,PROD_C,144.27,24
2429,PROD_C,60.82,99
2430,PROD_B,135.49,34
2431,PROD_C,98.38,53
2432,PROD_C,127.47,42
2433,PROD_C,147.92,31
2434,PROD_A,57.49,133
2435,PROD_B,144.95,30
2436,PROD_A,70.63,68
2437,PROD_A,70.12,83
2438,PROD_B,64.25,114
2439,PROD_A,90.38,58
2440,PROD_A,40.04,213
2441,PROD_A,91.98,54
2442,PROD_B,90.42,50
2443,PROD_C,119.05,38
2444,PROD_B,128.37,36
2445,PROD_B,77.26,67
2446,PROD_B,59.3,106
2447,PROD_A,53.71,110
2448,PROD_C,45.3,194
2449,PROD_B,27.49,332
2450,PROD_B,64.52,120
2451,PROD_C,55.13,154
2452,PROD_C,145.63,28
2453,PROD_C,92.5,48
2454,PROD_A,65.15,70
2455,PROD_C,95.46,43
2456,PROD_A,38.1,173
2457,PROD_B,77.73,90
2458,PROD_A,101.41,50
2459,PROD_C,83.56,69
2460,PROD_A,72.23,58
2461,PROD_C,149.2,23
2462,PROD_A,134.44,37
2463,PROD_B,101.04,51
2464,PROD_A,94.02,54
2465,PROD_B,100.69,54
2466,PROD_C,46.17,204
2467,PROD_B,71.37,80
2468,PROD_C,25.13,401
2469,PROD_C,81.82,70
2470,PROD_B,90.59,83
2471,PROD_B,49.61,104
2472,PROD_A,145.32,32
2473,PROD_A,138.23,30
2474,PROD_B,113.88,45
2475,PROD_B,89.34,54
2476,PROD_B,133.1,32
2477,PROD_B,36.98,247
2478,PROD_C,122.77,59
2479,PROD_B,36.23,259
2480,PROD_B,123.25,32
2481,PROD_B,55.85,112
2482,PROD_B,134.02,30
2483,PROD_C,142.73,22
2484,PROD_A,39.34,193
2485,PROD_A,80.15,78
2486,PROD_A,147.53,23
2487,PROD_A,82.84,78
2488,PROD_A,132.26,35
2489,PROD_C,96.54,47
2490,PROD_A,68.79,86
2491,PROD_C,57.15,147
2492,PROD_C,46.42,176
2493,PROD_A,119.03,39
2494,PROD_A,70.25,82
2495,PROD_A,86.47,63
2496,PROD_B,84.0,60
2497,PROD_C,95.05,39
2498,PROD_A,132.53,45
2499,PROD_B,147.5,29
2500,PROD_C,72.99,85
2501,PROD_B,127.58,34
2502,PROD_B,119.39,34
2503,PROD_A,94.56,53
2504,PROD_C,144.29,23
2505,PROD_B,46.06,225
2506,PROD_C,34.2,208
2507,PROD_A,131.02,29
2508,PROD_C,77.09,69
2509,PROD_B,130.11,41
2510,PROD_B,136.1,32
2511,PROD_C,28.12,279
2512,PROD_B,134.85,39
2513,PROD_B,78.28,81
2514,PROD_B,86.36,68
2515,PROD_A,101.46,54
2516,PROD_A,140.43,43
2517,PROD_B,22.49,651
2518,PROD_C,81.99,61
2519,PROD_A,109.4,56
2520,PROD_C,113.95,44
2521,PROD_B,110.03,47
2522,PROD_B,37.48,169
2523,PROD_C,58.92,108
2524,PROD_A,66.63,81
2525,PROD_C,124.58,41
2526,PROD_C,56.24,139
2527,PROD_B,47.39,112
2528,PROD_A,144.47,29
2529,PROD_C,21.15,608
2530,PROD_A,149.72,27
2531,PROD_B,107.99,50
2532,PROD_A,127.7,37
2533,PROD_B,58.3,118
2534,PROD_A,21.86,470
2535,PROD_C,115.92,33
2536,PROD_B,128.44,29
2537,PROD_C,116.26,44
2538,PROD_B,38.57,209
2539,PROD_A,117.95,38
2540,PROD_A,119.96,36
2541,PROD_B,105.61,44
2542,PROD_B,119.6,45
2543,PROD_B,129.97,32
2544,PROD_A,99.77,41
2545,PROD_B,31.52,316
2546,PROD_B,83.39,64
2547,PROD_C,30.09,304
2548,PROD_B,72.98,102
2549,PROD_C,72.92,80
2550,PROD_C,28.58,342
2551,PROD_C,65.35,79
2552,PROD_A,34.43,239
2553,PROD_C,125.07,39
2554,PROD_B,143.2,23
2555,PROD_A,29.4,323
2556,PROD_A,144.16,29
2557,PROD_A,87.93,61
2558,PROD_A,58.94,129
2559,PROD_A,29.99,320
2560,PROD_A,85.08,80
2561,PROD_A,123.29,31
2562,PROD_C,111.92,43
2563,PROD_B,26.53,371
2564,PROD_B,29.48,266
2565,PROD_C,72.37,94
2566,PROD_C,58.39,159
2567,PROD_A,50.21,140
2568,PROD_A,56.53,127
2569,PROD_C,124.45,36
2570,PROD_A,140.8,27
2571,PROD_B,72.66,61
2572,PROD_B,137.79,28
2573,PROD_A,61.79,84
2574,PROD_A,81.94,87
2575,PROD_A,49.38,142
2576,PROD_B,103.26,45
2577,PROD_A,147.27,32
2578,PROD_C,98.45,43
2579,PROD_A,66.52,82
2580,PROD_C,104.22,47
2581,PROD_A,35.98,270
2582,PROD_A,135.53,34
2583,PROD_B,85.4,66
2584,PROD_C,78.42,73
2585,PROD_C,96.16,56
2586,PROD_C,101.22,51
2587,PROD_B,29.33,270
2588,PROD_C,108.74,44
2589,PROD_B,51.45,115
2590,PROD_A,112.81,42
2591,PROD_A,126.93,33
2592,PROD_C,124.51,53
2593,PROD_A,91.83,56
2594,PROD_A,87.62,49
2595,PROD_C,38.57,205
2596,PROD_A,120.79,41
2597,PROD_C,55.28,156
2598,PROD_C,84.57,59
2599,PROD_A,56.96,92
2600,PROD_A,37.4,247
2601,PROD_A,101.84,40
2602,PROD_A,27.06,333
2603,PROD_A,117.32,38
2604,PROD_B,61.29,103
2605,PROD_A,20.02,619
2606,PROD_B,86.45,56
2607,PROD_C,26.09,360
2608,PROD_A,55.9,119
2609,PROD_A,111.91,43
2610,PROD_A,28.15,340
2611,PROD_C,129.11,36
2612,PROD_B,20.5,612
2613,PROD_B,52.09,141
2614,PROD_A,116.32,43
2615,PROD_A,61.12,83
2616,PROD_A,33.25,263
2617,PROD_A,66.83,98
2618,PROD_C,55.15,136
2619,PROD_A,129.55,31
2620,PROD_C,60.74,96
2621,PROD_A,122.56,34
2622,PROD_B,135.94,34
2623,PROD_B,76.4,87
2624,PROD_A,138.29,29
2625,PROD_A,69.05,100
2626,PROD_C,145.33,29
2627,PROD_A,31.61,276
2628,PROD_A,109.31,42
2629,PROD_A,84.2,72
2630,PROD_B,70.39,89
2631,PROD_C,102.25,68
2632,PROD_B,111.5,37
2633,PROD_C,20.57,579
2634,PROD_B,41.7,171
2635,PROD_A,112.7,37
2636,PROD_B,106.63,45
2637,PROD_B,145.59,29
2638,PROD_C,118.93,60
2639,PROD_C,143.6,28
2640,PROD_B,111.33,36
2641,PROD_C,58.75,116
2642,PROD_C,33.7,187
2643,PROD_C,121.64,37
2644,PROD_C,103.74,47
2645,PROD_C,26.26,418
2646,PROD_B,66.81,106
2647,PROD_C,144.38,27
2648,PROD_A,85.05,62
2649,PROD_B,76.25,67
2650,PROD_B,79.5,60
2651,PROD_B,47.15,162
2652,PROD_C,67.93,74
2653,PROD_A,68.08,84
2654,PROD_C,26.81,310
2655,PROD_B,119.78,41
2656,PROD_B,74.15,103
2657,PROD_B,126.88,29
2658,PROD_B,130.55,25
2659,PROD_C,47.56,150
2660,PROD_A,105.46,46
2661,PROD_A,81.4,70
2662,PROD_B,134.42,30
2663,PROD_A,48.05,146
2664,PROD_B,108.12,47
2665,PROD_B,99.01,59
2666,PROD_A,58.39,84
2667,PROD_B,37.76,204
2668,PROD_A,104.71,48
2669,PROD_B,116.02,35
2670,PROD_A,61.03,136
2671,PROD_B,103.83,43
2672,PROD_A,71.37,82
2673,PROD_B,112.72,45
2674,PROD_B,45.9,147
2675,PROD_B,135.73,24
2676,PROD_A,57.36,108
2677,PROD_C,67.81,104
2678,PROD_B,27.55,329
2679,PROD_B,34.5,217
2680,PROD_A,87.06,71
2681,PROD_B,54.79,117
2682,PROD_B,128.61,32
2683,PROD_B,21.91,499
2684,PROD_B,69.28,97
2685,PROD_C,63.85,140
2686,PROD_C,22.51,530
2687,PROD_B,36.17,274
2688,PROD_B,73.77,73
2689,PROD_B,84.07,56
2690,PROD_C,72.56,82
2691,PROD_C,89.02,60
2692,PROD_A,97.37,44
2693,PROD_A,21.29,496
2694,PROD_B,80.33,74
2695,PROD_B,145.25,30
2696,PROD_C,87.47,66
2697,PROD_B,108.08,46
2698,PROD_B,60.54,98
2699,PROD_C,120.62,35
2700,PROD_C,120.48,32
2701,PROD_C,87.77,79
2702,PROD_C,146.88,28
2703,PROD_A,36.32,221
2704,PROD_C,22.2,416
2705,PROD_C,120.12,59
2706,PROD_B,124.93,30
2707,PROD_B,35.63,220
2708,PROD_B,54.53,132
2709,PROD_A,22.28,520
2710,PROD_C,58.13,130
2711,PROD_C,120.51,50
2712,PROD_A,87.33,66
2713,PROD_C,65.25,81
2714,PROD_B,68.33,85
2715,PROD_A,20.18,578
2716,PROD_C,58.97,151
2717,PROD_A,104.04,38
2718,PROD_A,146.65,34
2719,PROD_C,130.12,35
2720,PROD_B,23.07,512
2721,PROD_C,136.81,31
2722,PROD_C,121.82,33
2723,PROD_B,121.45,42
2724,PROD_C,79.54,78
2725,PROD_C,71.74,95
2726,PROD_C,59.38,109
2727,PROD_A,28.54,300
2728,PROD_A,49.67,113
2729,PROD_A,52.06,151
2730,PROD_C,82.93,71
2731,PROD_B,117.17,34
2732,PROD_A,81.6,63
2733,PROD_B,27.52,323
2734,PROD_C,144.51,23
2735,PROD_A,142.55,26
2736,PROD_C,122.07,31
2737,PROD_B,148.87,26
2738,PROD_A,90.78,52
2739,PROD_A,145.16,22
2740,PROD_A,29.83,416
2741,PROD_A,67.54,109
2742,PROD_B,49.3,129
2743,PROD_A,45.46,170
2744,PROD_C,38.3,225
2745,PROD_A,100.91,59
2746,PROD_B,121.57,33
2747,PROD_A,95.18,63
2748,PROD_B,39.11,188
2749,PROD_B,125.45,29
2750,PROD_C,102.67,54
2751,PROD_A,70.46,103
2752,PROD_A,107.64,66
2753,PROD_A,53.79,106
2754,PROD_C,64.87,106
2755,PROD_C,139.27,29
2756,PROD_B,57.77,128
2757,PROD_B,81.1,55
2758,PROD_B,135.72,26
2759,PROD_C,112.0,38
2760,PROD_C,28.09,340
2761,PROD_C,39.15,185
2762,PROD_B,21.02,573
2763,PROD_C,102.02,57
2764,PROD_B,78.2,79
2765,PROD_B,37.46,278
2766,PROD_A,144.53,31
2767,PROD_A,88.86,50
2768,PROD_A,51.45,166
2769,PROD_B,85.08,58
2770,PROD_A,108.35,51
2771,PROD_A,29.91,387
2772,PROD_A,55.71,129
2773,PROD_C,124.91,29
2774,PROD_B,79.76,61
2775,PROD_A,91.06,70
2776,PROD_C,76.27,73
2777,PROD_C,25.71,388
2778,PROD_C,41.55,209
2779,PROD_A,77.92,81
2780,PROD_C,47.19,161
2781,PROD_B,26.5,355
2782,PROD_C,129.67,32
2783,PROD_C,147.56,32
2784,PROD_C,123.11,40
2785,PROD_C,130.99,32
2786,PROD_B,51.46,159
2787,PROD_A,144.88,28
2788,PROD_B,45.6,143
2789,PROD_B,143.69,26
2790,PROD_A,149.33,24
2791,PROD_C,112.52,40
2792,PROD_A,147.55,34
2793,PROD_A,94.04,49
2794,PROD_B,53.74,131
2795,PROD_A,76.81,67
2796,PROD_C,97.16,50
2797,PROD_B,29.5,249
2798,PROD_C,100.9,48
2799,PROD_B,147.55,27
2800,PROD_C,44.71,181
2801,PROD_A,123.04,38
2802,PROD_A,138.03,26
2803,PROD_A,142.68,35
2804,PROD_C,144.82,30
2805,PROD_B,87.79,63
2806,PROD_B,147.05,28
2807,PROD_B,118.45,36
2808,PROD_A,41.02,197
2809,PROD_C,82.0,72
2810,PROD_B,113.38,32
2811,PROD_C,52.15,122
2812,PROD_B,103.28,46
2813,PROD_A,106.66,47
2814,PROD_C,41.15,227
2815,PROD_B,93.46,49
2816,PROD_B,120.31,35
2817,PROD_B,84.86,59
2818,PROD_B,21.57,442
2819,PROD_A,21.18,487
2820,PROD_B,66.41,104
2821,PROD_B,140.41,26
2822,PROD_A,49.73,152
2823,PROD_B,102.47,37
2824,PROD_C,48.87,135
2825,PROD_C,61.82,98
2826,PROD_B,130.25,43
2827,PROD_A,114.75,39
2828,PROD_A,32.4,195
2829,PROD_A,75.73,56
2830,PROD_B,23.79,433
2831,PROD_B,82.52,73
2832,PROD_C,106.12,48
2833,PROD_A,35.41,243
2834,PROD_B,57.56,136
2835,PROD_B,71.72,76
2836,PROD_B,139.54,35
2837,PROD_A,149.12,21
2838,PROD_A,25.84,332
2839,PROD_C,118.93,29
2840,PROD_A,68.32,85
2841,PROD_B,71.02,83
2842,PROD_C,118.05,40
2843,PROD_A,139.4,31
2844,PROD_A,143.62,25
2845,PROD_A,95.03,52
2846,PROD_A,66.43,74
2847,PROD_B,122.38,45
2848,PROD_A,52.63,125
2849,PROD_B,93.33,52
2850,PROD_B,66.62,117
2851,PROD_B,105.36,38
2852,PROD_C,51.25,115
2853,PROD_B,44.91,141
2854,PROD_A,139.37,30
2855,PROD_C,33.23,278
2856,PROD_A,85.77,70
2857,PROD_B,48.71,216
2858,PROD_A,25.06,284
2859,PROD_C,24.68,447
2860,PROD_C,42.78,164
2861,PROD_A,132.68,30
2862,PROD_A,56.72,107
2863,PROD_A,143.56,25
2864,PROD_C,95.61,69
2865,PROD_B,76.76,84
2866,PROD_A,95.41,54
2867,PROD_B,87.17,75
2868,PROD_C,118.64,31
2869,PROD_A,56.72,96
2870,PROD_A,65.9,67
2871,PROD_C,136.23,28
2872,PROD_A,143.04,30
2873,PROD_B,136.03,32
2874,PROD_C,74.53,79
2875,PROD_C,121.45,30
2876,PROD_A,81.92,76
2877,PROD_C,84.68,67
2878,PROD_A,46.61,175
2879,PROD_A,96.85,39
2880,PROD_C,44.2,178
2881,PROD_A,63.1,83
2882,PROD_B,131.15,31
2883,PROD_B,46.92,169
2884,PROD_A,29.25,320
2885,PROD_B,28.97,282
2886,PROD_A,142.3,29
2887,PROD_B,85.9,50
2888,PROD_C,73.22,95
2889,PROD_A,125.41,35
2890,PROD_A,128.66,41
2891,PROD_A,63.18,92
2892,PROD_A,110.17,40
2893,PROD_A,120.25,34
2894,PROD_A,105.1,53
2895,PROD_C,39.71,180
2896,PROD_C,133.86,36
2897,PROD_B,90.08,55
2898,PROD_A,56.72,87
2899,PROD_B,75.28,70
2900,PROD_B,24.88,337
2901,PROD_C,36.62,227
2902,PROD_B,119.52,32
2903,PROD_C,20.0,642
2904,PROD_B,74.15,77
2905,PROD_A,87.93,59
2906,PROD_B,27.1,391
2907,PROD_C,146.5,33
2908,PROD_C,49.4,144
2909,PROD_C,59.55,97
2910,PROD_B,59.51,83
2911,PROD_B,49.95,128
2912,PROD_C,20.19,502
2913,PROD_A,114.81,41
2914,PROD_A,145.69,27
2915,PROD_B,49.16,161
2916,PROD_B,106.2,42
2917,PROD_C,116.45,39
2918,PROD_B,130.3,40
2919,PROD_B,74.94,81
2920,PROD_C,59.38,108
2921,PROD_C,62.29,93
2922,PROD_B,112.64,38
2923,PROD_A,126.18,31
2924,PROD_B,43.61,160
2925,PROD_A,68.22,99
2926,PROD_A,137.25,30
2927,PROD_A,124.87,29
2928,PROD_C,148.03,36
2929,PROD_C,118.05,41
2930,PROD_C,71.12,68
2931,PROD_B,96.78,49
2932,PROD_C,105.93,47
2933,PROD_C,30.2,389
2934,PROD_B,90.78,49
2935,PROD_B,112.21,49
2936,PROD_A,41.75,229
2937,PROD_B,121.48,34
2938,PROD_B,95.89,51
2939,PROD_C,143.79,25
2940,PROD_A,25.51,376
2941,PROD_A,54.49,124
2942,PROD_B,98.2,57
2943,PROD_C,58.55,131
2944,PROD_C,112.88,37
2945,PROD_C,118.67,29
2946,PROD_C,33.33,259
2947,PROD_B,86.8,65
2948,PROD_C,86.16,65
2949,PROD_A,68.01,85
2950,PROD_A,141.28,30
2951,PROD_B,127.58,44
2952,PROD_C,110.64,45
2953,PROD_C,112.86,39
2954,PROD_C,80.02,65
2955,PROD_C,139.73,30
2956,PROD_B,110.3,55
2957,PROD_C,114.77,40
2958,PROD_B,132.02,33
2959,PROD_C,55.63,112
2960,PROD_C,124.92,42
2961,PROD_A,45.38,219
2962,PROD_B,64.89,102
2963,PROD_A,63.63,100
2964,PROD_B,147.21,28
2965,PROD_C,131.35,23
2966,PROD_C,111.15,48
2967,PROD_B,114.52,42
2968,PROD_A,93.07,59
2969,PROD_B,143.12,26
2970,PROD_B,84.51,61
2971,PROD_C,69.47,81
2972,PROD_A,41.19,220
2973,PROD_B,122.21,35
2974,PROD_A,115.48,55
2975,PROD_A,69.97,91
2976,PROD_B,23.28,368
2977,PROD_A,129.07,33
2978,PROD_C,21.48,455
2979,PROD_C,111.48,31
2980,PROD_C,146.13,36
2981,PROD_C,76.9,82
2982,PROD_A,50.55,151
2983,PROD_C,111.63,43
2984,PROD_B,126.23,29
2985,PROD_C,91.04,54
2986,PROD_B,145.71,32
2987,PROD_B,26.72,309
2988,PROD_C,85.62,43
2989,PROD_C,113.4,40
2990,PROD_A,132.14,32
2991,PROD_B,43.3,179
2992,PROD_C,124.0,40
2993,PROD_A,91.85,62
2994,PROD_C,71.55,86
2995,PROD_C,37.12,264
2996,PROD_C,132.49,26
2997,PROD_B,40.45,210
2998,PROD_C,60.27,117
2999,PROD_A,57.71,95
3000,PROD_C,133.28,26
3001,PROD_C,107.45,40
3002,PROD_A,123.57,33
3003,PROD_A,52.56,147
3004,PROD_B,101.23,45
3005,PROD_B,94.33,48
3006,PROD_B,128.27,31
3007,PROD_B,137.79,37
3008,PROD_A,21.58,500
3009,PROD_C,107.62,44
3010,PROD_C,26.74,356
3011,PROD_C,91.35,70
3012,PROD_B,57.39,103
3013,PROD_A,59.88,131
3014,PROD_A,65.88,96
3015,PROD_A,100.77,48
3016,PROD_C,63.43,144
3017,PROD_B,115.25,34
3018,PROD_A,72.59,77
3019,PROD_B,28.89,268
3020,PROD_A,121.89,43
3021,PROD_B,57.15,149
3022,PROD_A,76.26,96
3023,PROD_B,109.11,53
3024,PROD_A,63.22,97
3025,PROD_A,27.36,331
3026,PROD_B,68.61,68
3027,PROD_B,142.78,40
3028,PROD_C,103.43,51
3029,PROD_B,107.29,42
3030,PROD_A,102.2,59
3031,PROD_A,45.87,139
3032,PROD_B,74.38,83
3033,PROD_C,117.62,38
3034,PROD_B,33.18,288
3035,PROD_A,56.12,118
3036,PROD_A,55.92,96
3037,PROD_C,76.16,76
3038,PROD_B,147.45,33
3039,PROD_A,28.78,323
3040,PROD_A,87.43,69
3041,PROD_A,43.32,150
3042,PROD_B,146.19,28
3043,PROD_B,34.73,222
3044,PROD_C,72.47,91
3045,PROD_A,115.93,40
3046,PROD_A,111.59,47
3047,PROD_C,74.95,91
3048,PROD_A,65.05,106
3049,PROD_C,71.69,86
3050,PROD_C,54.36,107
3051,PROD_A,46.69,157
3052,PROD_B,82.8,61
3053,PROD_B,54.91,117
3054,PROD_B,57.37,109
3055,PROD_B,105.38,40
3056,PROD_A,145.91,21
3057,PROD_C,98.47,46
3058,PROD_C,30.01,313
3059,PROD_A,29.83,251
3060,PROD_B,143.69,29
3061,PROD_C,58.65,148
3062,PROD_A,31.97,322
3063,PROD_A,97.88,66
3064,PROD_B,101.07,52
3065,PROD_A,104.31,56
3066,PROD_C,54.76,111
3067,PROD_C,21.96,441
3068,PROD_A,145.45,19
3069,PROD_C,52.62,157
3070,PROD_A,107.88,56
3071,PROD_C,111.86,39
3072,PROD_B,99.3,49
3073,PROD_C,60.68,94
3074,PROD_B,55.24,129
3075,PROD_B,97.7,61
3076,PROD_A,132.59,25
3077,PROD_B,143.08,31
3078,PROD_C,33.77,244
3079,PROD_C,40.13,200
3080,PROD_B,142.82,31
3081,PROD_A,115.75,39
3082,PROD_B,134.79,31
3083,PROD_C,46.34,153
3084,PROD_C,96.39,61
3085,PROD_B,111.15,45
3086,PROD_B,108.41,46
3087,PROD_B,73.06,66
3088,PROD_C,22.0,458
3089,PROD_C,95.78,61
3090,PROD_C,52.9,131
3091,PROD_A,78.53,79
3092,PROD_C,144.49,38
3093,PROD_C,71.87,96
3094,PROD_A,129.17,35
3095,PROD_A,44.51,156
3096,PROD_A,107.42,31
3097,PROD_A,147.01,27
3098,PROD_A,33.25,248
3099,PROD_A,21.08,548
3100,PROD_B,76.37,73
3101,PROD_B,32.04,263
3102,PROD_B,117.29,30
3103,PROD_B,138.89,27
3104,PROD_C,76.42,80
3105,PROD_A,53.63,165
3106,PROD_C,76.47,74
3107,PROD_A,114.05,43
3108,PROD_A,21.18,592
3109,PROD_C,96.63,47
3110,PROD_B,99.73,53
3111,PROD_C,102.9,43
3112,PROD_C,51.46,154
3113,PROD_A,112.83,43
3114,PROD_A,31.88,290
3115,PROD_A,45.91,143
3116,PROD_B,134.07,36
3117,PROD_C,116.03,55
3118,PROD_C,21.79,423
3119,PROD_B,52.29,126
3120,PROD_C,47.87,156
3121,PROD_C,55.2,137
3122,PROD_A,52.18,122
3123,PROD_B,28.13,219
3124,PROD_A,79.66,86
3125,PROD_B,115.26,45
3126,PROD_A,98.88,39
3127,PROD_C,107.47,41
3128,PROD_B,30.55,375
3129,PROD_B,143.69,36
3130,PROD_A,129.0,39
3131,PROD_B,124.66,35
3132,PROD_C,126.99,35
3133,PROD_C,141.25,29
3134,PROD_C,90.75,68
3135,PROD_A,46.04,140
3136,PROD_B,100.18,44
3137,PROD_A,116.57,46
3138,PROD_C,115.93,40
3139,PROD_B,87.79,75
3140,PROD_C,28.9,291
3141,PROD_B,68.24,88
3142,PROD_B,139.7,26
3143,PROD_A,95.98,53
3144,PROD_B,89.98,47
3145,PROD_C,54.95,114
3146,PROD_B,67.9,72
3147,PROD_C,136.39,35
3148,PROD_A,106.64,51
3149,PROD_C,122.36,28
3150,PROD_B,79.06,87
3151,PROD_C,101.93,71
3152,PROD_C,52.29,133
3153,PROD_B,111.71,38
3154,PROD_C,75.59,116
3155,PROD_B,77.53,60
3156,PROD_A,104.41,47
3157,PROD_C,141.72,30
3158,PROD_A,28.32,406
3159,PROD_C,127.22,37
3160,PROD_C,58.01,105
3161,PROD_A,77.71,63
3162,PROD_C,22.85,435
3163,PROD_C,59.14,95
3164,PROD_A,85.34,64
3165,PROD_C,27.3,322
3166,PROD_B,83.84,52
3167,PROD_C,140.52,36
3168,PROD_C,33.7,237
3169,PROD_C,119.38,32
3170,PROD_A,73.26,78
3171,PROD_B,105.17,47
3172,PROD_B,53.83,97
3173,PROD_C,40.73,202
3174,PROD_A,40.86,164
3175,PROD_A,29.16,410
3176,PROD_B,44.13,184
3177,PROD_A,106.35,43
3178,PROD_C,134.62,29
3179,PROD_C,125.84,35
3180,PROD_A,109.07,48
3181,PROD_C,34.36,247
3182,PROD_B,57.59,111
3183,PROD_C,60.27,108
3184,PROD_A,52.49,120
3185,PROD_B,86.95,59
3186,PROD_C,89.62,43
3187,PROD_B,66.4,107
3188,PROD_A,65.99,98
3189,PROD_C,127.71,31
3190,PROD_C,122.61,49
3191,PROD_B,60.01,109
3192,PROD_C,138.79,26
3193,PROD_C,143.87,33
3194,PROD_C,62.48,107
3195,PROD_C,66.08,99
3196,PROD_A,85.73,59
3197,PROD_C,142.35,31
3198,PROD_B,133.92,31
3199,PROD_A,33.33,282
3200,PROD_B,71.05,63
